{"stats":{"minecraft:custom":{"minecraft:jump":79,"minecraft:time_since_rest":8380,"minecraft:leave_game":1,"minecraft:crouch_one_cm":1547,"minecraft:sprint_one_cm":25906,"minecraft:play_time":8380,"minecraft:time_since_death":8380,"minecraft:walk_one_cm":8982,"minecraft:sneak_time":144,"minecraft:total_world_time":8380,"minecraft:fall_one_cm":3425,"minecraft:fly_one_cm":168026},"minecraft:picked_up":{"minecraft:coarse_dirt":17,"minecraft:dirt":7},"minecraft:mined":{"minecraft:grass_block":7,"minecraft:coarse_dirt":19}},"DataVersion":3465}