{"stats":{"minecraft:used":{"minecraft:calcite":13,"minecraft:wheat_seeds":25,"epicfight:skillbook":2,"minecraft:stone_sword":131,"minecraft:stone_pickaxe":88,"minecraft:ladder":1,"minecraft:shield":6,"minecraft:wooden_pickaxe":20,"minecraft:iron_sword":161,"minecraft:cooked_salmon":10,"minecraft:cooked_chicken":2,"minecraft:iron_chestplate":1,"minecraft:dirt":8,"minecraft:crafting_table":6,"minecraft:mushroom_stew":2,"minecraft:carrot":21,"minecraft:cake":1,"minecraft:apple":12,"minecraft:bread":25,"minecraft:cyan_bed":1,"tombstone:magic_scroll":3,"minecraft:iron_helmet":1,"minecraft:iron_boots":1,"minecraft:gravel":1,"minecraft:stone_axe":22,"minecraft:cobblestone":3,"minecraft:furnace":3,"minecraft:cooked_porkchop":5,"tombstone:gift":2,"minecraft:pumpkin_pie":4},"minecraft:custom":{"minecraft:interact_with_furnace":14,"minecraft:mob_kills":57,"minecraft:interact_with_crafting_table":7,"minecraft:open_barrel":20,"minecraft:damage_dealt_resisted":87,"minecraft:eat_cake_slice":5,"minecraft:time_since_death":155516,"minecraft:leave_game":5,"minecraft:sleep_in_bed":4,"minecraft:climb_one_cm":5812,"minecraft:damage_resisted":0,"minecraft:time_since_rest":83047,"minecraft:waystone_activated":1,"minecraft:sprint_one_cm":930931,"minecraft:damage_taken":2911,"minecraft:walk_one_cm":633577,"minecraft:damage_blocked_by_shield":903,"minecraft:drop":41,"minecraft:damage_dealt":9187,"minecraft:damage_dealt_absorbed":80,"minecraft:swim_one_cm":31910,"minecraft:fly_one_cm":2144020,"minecraft:open_chest":28,"minecraft:crouch_one_cm":44814,"minecraft:play_time":155516,"tombstone:undead_killed":44,"minecraft:sneak_time":5811,"minecraft:walk_under_water_one_cm":5119,"minecraft:jump":4385,"minecraft:interact_with_blast_furnace":4,"minecraft:walk_on_water_one_cm":9270,"minecraft:total_world_time":155516,"minecraft:fall_one_cm":114407},"minecraft:killed":{"minecraft:pig":3,"irons_spellbooks:summoned_zombie":4,"minecraft:salmon":4,"minecraft:spider":1,"minecraft:creeper":1,"minecraft:skeleton":32,"iceandfire:ghost":1,"minecraft:zombie":7,"minecraft:chicken":2},"minecraft:picked_up":{"minecraft:crafting_table":6,"minecraft:coarse_dirt":6,"minecraft:wheat":31,"minecraft:chicken":2,"minecraft:lilac":1,"minecraft:tripwire_hook":1,"minecraft:salmon":5,"minecraft:brown_mushroom":1,"doggytalents:rice_grains":3,"minecraft:enchanted_book":1,"minecraft:oak_log":1,"minecraft:shield":3,"minecraft:dirt":10,"tombstone:gift":1,"minecraft:cooked_salmon":5,"minecraft:bone":26,"minecraft:wheat_seeds":50,"minecraft:calcite":17,"minecraft:coal_block":8,"minecraft:phantom_membrane":2,"minecraft:furnace":3,"minecraft:book":33,"reliquary:rib_bone":1,"minecraft:sweet_berries":5,"minecraft:gravel":1,"epicfight:skillbook":1,"minecraft:porkchop":6,"minecraft:blast_furnace":15,"tombstone:grave_dust":7,"minecraft:carrot":15,"minecraft:spruce_log":4,"minecraft:cyan_bed":2,"minecraft:dark_oak_planks":13,"minecraft:bundle":2,"minecraft:arrow":26,"minecraft:rotten_flesh":6,"tombstone:familiar_stone":1,"minecraft:soul_lantern":1,"waystones:waystone":1,"botania:orange_mystical_flower":1,"tombstone:magic_scroll":2,"minecraft:coal":95,"minecraft:cobblestone":35},"minecraft:dropped":{"minecraft:enchanted_book":1,"tombstone:familiar_stone":1,"minecraft:wheat_seeds":25,"minecraft:lilac":1,"minecraft:bowl":1,"minecraft:wheat":6,"tombstone:gift":1,"botania:orange_mystical_flower":1,"minecraft:rotten_flesh":6,"minecraft:coal_block":4,"minecraft:shield":3,"minecraft:bundle":2,"apotheosis:gem":3,"minecraft:ladder":2,"doggytalents:rice_grains":3,"minecraft:wooden_pickaxe":1,"waystones:waystone":1,"minecraft:calcite":4,"minecraft:dark_oak_planks":12},"minecraft:crafted":{"minecraft:oak_planks":4,"minecraft:cooked_porkchop":5,"minecraft:crafting_table":1,"minecraft:spruce_planks":4,"minecraft:cooked_chicken":2,"minecraft:wooden_pickaxe":1,"minecraft:iron_sword":1,"minecraft:furnace":1,"minecraft:cooked_salmon":5,"minecraft:stone_axe":1,"minecraft:bread":8,"minecraft:air":51,"minecraft:shield":1,"minecraft:ladder":1,"minecraft:stick":4,"minecraft:stone_pickaxe":1,"minecraft:stone_sword":1},"minecraft:mined":{"minecraft:dark_oak_planks":3,"minecraft:brown_mushroom":1,"botania:orange_mystical_flower":1,"farmersdelight:wild_carrots":18,"minecraft:brown_carpet":3,"minecraft:crafting_table":6,"minecraft:blast_furnace":15,"minecraft:grass_block":11,"minecraft:calcite":20,"minecraft:coal_block":4,"minecraft:tall_grass":22,"minecraft:cyan_bed":2,"minecraft:spawner":4,"minecraft:tall_seagrass":1,"minecraft:coarse_dirt":6,"minecraft:furnace":3,"minecraft:wheat":27,"minecraft:lilac":2,"minecraft:spruce_log":4,"minecraft:grass":41,"minecraft:bookshelf":11,"minecraft:coal_ore":20,"minecraft:oak_log":1,"minecraft:gravel":1,"minecraft:dirt":2,"minecraft:gray_carpet":1,"minecraft:tripwire_hook":1,"minecraft:stone_bricks":2,"minecraft:stone":36,"minecraft:fern":1},"minecraft:broken":{"minecraft:stone_sword":1}},"DataVersion":3465}