{"stats":{"minecraft:used":{"minecraft:calcite":11,"epicfight:skillbook":2,"minecraft:stone_sword":131,"minecraft:stone_pickaxe":79,"minecraft:ladder":1,"minecraft:shield":1,"minecraft:wooden_pickaxe":20,"minecraft:iron_sword":96,"minecraft:cooked_salmon":5,"minecraft:iron_chestplate":1,"minecraft:dirt":8,"minecraft:crafting_table":4,"minecraft:mushroom_stew":1,"minecraft:carrot":21,"minecraft:cake":1,"minecraft:apple":12,"minecraft:bread":15,"minecraft:cyan_bed":1,"tombstone:magic_scroll":1,"minecraft:iron_helmet":1,"minecraft:iron_boots":1,"minecraft:stone_axe":20,"minecraft:cobblestone":1,"tombstone:gift":2,"minecraft:pumpkin_pie":4},"minecraft:custom":{"minecraft:mob_kills":38,"minecraft:interact_with_crafting_table":5,"minecraft:open_barrel":20,"minecraft:damage_dealt_resisted":0,"minecraft:eat_cake_slice":5,"minecraft:time_since_death":90651,"minecraft:leave_game":4,"minecraft:sleep_in_bed":4,"minecraft:climb_one_cm":5812,"minecraft:damage_resisted":0,"minecraft:time_since_rest":18182,"minecraft:waystone_activated":1,"minecraft:sprint_one_cm":539580,"minecraft:damage_taken":2085,"minecraft:walk_one_cm":473278,"minecraft:damage_blocked_by_shield":48,"minecraft:drop":24,"minecraft:damage_dealt":6781,"minecraft:swim_one_cm":2630,"minecraft:fly_one_cm":751914,"minecraft:open_chest":27,"minecraft:crouch_one_cm":37418,"minecraft:play_time":90651,"tombstone:undead_killed":36,"minecraft:sneak_time":4833,"minecraft:walk_under_water_one_cm":459,"minecraft:jump":2123,"minecraft:interact_with_blast_furnace":4,"minecraft:walk_on_water_one_cm":4126,"minecraft:total_world_time":90651,"minecraft:fall_one_cm":57810},"minecraft:killed":{"irons_spellbooks:summoned_zombie":4,"minecraft:skeleton":30,"minecraft:zombie":2},"minecraft:picked_up":{"minecraft:crafting_table":4,"minecraft:coarse_dirt":6,"minecraft:lilac":1,"minecraft:tripwire_hook":1,"minecraft:brown_mushroom":1,"doggytalents:rice_grains":2,"minecraft:enchanted_book":1,"minecraft:oak_log":1,"minecraft:dirt":10,"tombstone:gift":1,"minecraft:cooked_salmon":5,"minecraft:bone":26,"minecraft:wheat_seeds":2,"minecraft:calcite":15,"minecraft:coal_block":8,"minecraft:phantom_membrane":2,"minecraft:book":33,"reliquary:rib_bone":1,"minecraft:sweet_berries":5,"epicfight:skillbook":1,"minecraft:blast_furnace":15,"tombstone:grave_dust":5,"minecraft:carrot":15,"minecraft:spruce_log":4,"minecraft:cyan_bed":2,"minecraft:dark_oak_planks":13,"minecraft:bundle":2,"minecraft:arrow":23,"minecraft:rotten_flesh":3,"tombstone:familiar_stone":1,"minecraft:soul_lantern":1,"waystones:waystone":1,"botania:orange_mystical_flower":1,"tombstone:magic_scroll":2,"minecraft:coal":20,"minecraft:cobblestone":33},"minecraft:dropped":{"minecraft:enchanted_book":1,"tombstone:familiar_stone":1,"minecraft:wheat_seeds":2,"minecraft:lilac":1,"tombstone:gift":1,"botania:orange_mystical_flower":1,"minecraft:coal_block":4,"minecraft:bundle":2,"apotheosis:gem":3,"doggytalents:rice_grains":2,"minecraft:wooden_pickaxe":1,"waystones:waystone":1,"minecraft:calcite":4,"minecraft:dark_oak_planks":12},"minecraft:crafted":{"minecraft:oak_planks":4,"minecraft:crafting_table":1,"minecraft:spruce_planks":4,"minecraft:wooden_pickaxe":1,"minecraft:iron_sword":1,"minecraft:stone_axe":1,"minecraft:air":42,"minecraft:shield":1,"minecraft:ladder":1,"minecraft:stick":4,"minecraft:stone_pickaxe":1,"minecraft:stone_sword":1},"minecraft:mined":{"minecraft:dark_oak_planks":3,"minecraft:brown_mushroom":1,"botania:orange_mystical_flower":1,"farmersdelight:wild_carrots":18,"minecraft:brown_carpet":3,"minecraft:crafting_table":4,"minecraft:blast_furnace":15,"minecraft:grass_block":8,"minecraft:calcite":18,"minecraft:coal_block":4,"minecraft:tall_grass":5,"minecraft:cyan_bed":2,"minecraft:spawner":4,"minecraft:coarse_dirt":6,"minecraft:lilac":2,"minecraft:spruce_log":4,"minecraft:grass":11,"minecraft:bookshelf":11,"minecraft:coal_ore":20,"minecraft:oak_log":1,"minecraft:dirt":2,"minecraft:gray_carpet":1,"minecraft:tripwire_hook":1,"minecraft:stone":34},"minecraft:broken":{"minecraft:stone_sword":1}},"DataVersion":3465}