{"stats":{"minecraft:used":{"minecraft:stone_sword":131,"minecraft:ladder":1,"minecraft:shield":6,"minecraft:iron_sword":170,"minecraft:cooked_salmon":10,"minecraft:cooked_chicken":2,"minecraft:iron_chestplate":1,"minecraft:dirt":8,"minecraft:carrot":44,"minecraft:iron_helmet":1,"minecraft:iron_boots":1,"minecraft:furnace":5,"tombstone:gift":2,"minecraft:cooked_beef":2,"minecraft:calcite":13,"minecraft:wheat_seeds":25,"epicfight:skillbook":3,"minecraft:stone_pickaxe":90,"minecraft:wooden_pickaxe":20,"minecraft:crafting_table":6,"minecraft:mushroom_stew":2,"minecraft:cake":1,"minecraft:apple":12,"minecraft:cyan_bed":1,"minecraft:bread":25,"tombstone:magic_scroll":3,"minecraft:gravel":1,"minecraft:stone_axe":28,"minecraft:cobblestone":3,"minecraft:cooked_porkchop":6,"minecraft:pumpkin_pie":4},"minecraft:custom":{"minecraft:mob_kills":60,"minecraft:interact_with_crafting_table":7,"minecraft:open_barrel":20,"minecraft:damage_dealt_resisted":87,"minecraft:eat_cake_slice":5,"minecraft:leave_game":5,"minecraft:time_since_death":191516,"minecraft:climb_one_cm":5812,"minecraft:damage_resisted":0,"minecraft:sprint_one_cm":1172807,"minecraft:walk_one_cm":756238,"minecraft:damage_blocked_by_shield":903,"minecraft:drop":51,"minecraft:damage_dealt_absorbed":80,"minecraft:play_time":191516,"minecraft:sneak_time":6506,"minecraft:walk_under_water_one_cm":5119,"minecraft:jump":5798,"minecraft:interact_with_blast_furnace":4,"minecraft:walk_on_water_one_cm":9270,"minecraft:total_world_time":191516,"minecraft:interact_with_furnace":20,"minecraft:sleep_in_bed":4,"minecraft:time_since_rest":119047,"minecraft:waystone_activated":1,"minecraft:damage_taken":3045,"minecraft:damage_dealt":9859,"minecraft:swim_one_cm":31910,"minecraft:fly_one_cm":2834076,"minecraft:open_chest":30,"minecraft:crouch_one_cm":48877,"tombstone:undead_killed":44,"minecraft:fall_one_cm":163071},"minecraft:killed":{"irons_spellbooks:summoned_zombie":4,"minecraft:spider":1,"minecraft:skeleton":32,"minecraft:chicken":3,"minecraft:pig":3,"minecraft:salmon":4,"minecraft:creeper":1,"minecraft:zombie":7,"iceandfire:ghost":1,"minecraft:cow":2},"minecraft:picked_up":{"minecraft:coarse_dirt":6,"minecraft:crafting_table":6,"minecraft:wheat":32,"minecraft:chicken":3,"minecraft:brown_mushroom":1,"minecraft:enchanted_book":1,"minecraft:shield":3,"minecraft:cooked_salmon":5,"minecraft:beef":3,"minecraft:calcite":17,"minecraft:coal_block":8,"minecraft:phantom_membrane":2,"minecraft:furnace":5,"reliquary:rib_bone":1,"epicfight:skillbook":3,"minecraft:porkchop":6,"tombstone:grave_dust":7,"minecraft:carrot":22,"minecraft:dark_oak_planks":13,"minecraft:arrow":26,"minecraft:rotten_flesh":6,"minecraft:hay_block":5,"minecraft:cobblestone":35,"minecraft:lilac":1,"minecraft:tripwire_hook":1,"minecraft:salmon":5,"minecraft:leather":1,"doggytalents:rice_grains":4,"minecraft:flint":1,"minecraft:oak_log":1,"minecraft:dirt":10,"tombstone:gift":1,"minecraft:bone":26,"minecraft:wheat_seeds":52,"minecraft:book":33,"minecraft:sweet_berries":10,"minecraft:gravel":1,"minecraft:blast_furnace":15,"minecraft:spruce_log":4,"minecraft:cyan_bed":2,"minecraft:bundle":2,"tombstone:familiar_stone":1,"minecraft:soul_lantern":1,"waystones:waystone":1,"botania:orange_mystical_flower":1,"tombstone:magic_scroll":2,"minecraft:coal":140},"minecraft:dropped":{"minecraft:enchanted_book":1,"minecraft:wheat_seeds":27,"minecraft:lilac":1,"botania:orange_mystical_flower":1,"minecraft:coal_block":4,"minecraft:stick":1,"tombstone:grave_dust":9,"minecraft:dark_oak_planks":12,"reliquary:rib_bone":1,"minecraft:sweet_berries":5,"tombstone:familiar_stone":1,"minecraft:bowl":1,"minecraft:wheat":7,"tombstone:gift":1,"minecraft:rotten_flesh":6,"minecraft:shield":3,"minecraft:bundle":2,"apotheosis:gem":3,"minecraft:ladder":2,"doggytalents:rice_grains":4,"minecraft:wooden_pickaxe":1,"waystones:waystone":1,"minecraft:calcite":4,"epicfight:skillbook":2},"minecraft:crafted":{"minecraft:oak_planks":4,"minecraft:cooked_chicken":2,"minecraft:furnace":1,"minecraft:ladder":1,"minecraft:stone_pickaxe":1,"minecraft:wheat":5,"minecraft:cooked_beef":3,"minecraft:cooked_porkchop":6,"minecraft:crafting_table":1,"minecraft:spruce_planks":4,"minecraft:wooden_pickaxe":1,"minecraft:iron_sword":1,"minecraft:cooked_salmon":5,"minecraft:stone_axe":1,"minecraft:bread":8,"minecraft:air":96,"minecraft:shield":1,"minecraft:stick":4,"minecraft:stone_sword":1},"minecraft:mined":{"minecraft:dark_oak_planks":3,"farmersdelight:wild_carrots":25,"minecraft:grass_block":11,"minecraft:coal_block":4,"minecraft:spawner":4,"minecraft:hay_block":5,"minecraft:tall_seagrass":1,"minecraft:furnace":5,"minecraft:bookshelf":11,"minecraft:stone":36,"botania:orange_mystical_flower":1,"minecraft:brown_mushroom":1,"minecraft:brown_carpet":3,"minecraft:crafting_table":6,"minecraft:blast_furnace":15,"minecraft:calcite":20,"minecraft:tall_grass":27,"minecraft:cyan_bed":2,"minecraft:coarse_dirt":6,"minecraft:wheat":27,"minecraft:lilac":2,"minecraft:spruce_log":4,"minecraft:grass":59,"minecraft:oak_log":1,"minecraft:coal_ore":20,"minecraft:gray_carpet":1,"minecraft:gravel":1,"minecraft:dirt":2,"minecraft:tripwire_hook":1,"minecraft:stone_bricks":2,"minecraft:fern":1},"minecraft:broken":{"minecraft:stone_sword":1}},"DataVersion":3465}