{"stats":{"minecraft:used":{"minecraft:stone_sword":131,"minecraft:ladder":1,"minecraft:shield":7,"minecraft:iron_sword":250,"minecraft:cooked_salmon":10,"minecraft:cooked_chicken":2,"minecraft:iron_chestplate":1,"minecraft:dirt":8,"minecraft:carrot":44,"minecraft:iron_helmet":1,"minecraft:iron_boots":1,"minecraft:furnace":5,"tombstone:gift":2,"minecraft:cooked_beef":3,"minecraft:calcite":13,"minecraft:wheat_seeds":25,"epicfight:skillbook":5,"minecraft:stone_pickaxe":90,"minecraft:wooden_pickaxe":20,"minecraft:crafting_table":7,"minecraft:mushroom_stew":2,"minecraft:cake":1,"minecraft:apple":12,"minecraft:cyan_bed":1,"minecraft:bread":34,"tombstone:magic_scroll":3,"minecraft:gravel":1,"minecraft:stone_axe":39,"minecraft:cobblestone":4,"minecraft:cooked_porkchop":6,"minecraft:pumpkin_pie":4},"minecraft:custom":{"minecraft:mob_kills":74,"minecraft:interact_with_crafting_table":8,"minecraft:open_barrel":20,"minecraft:damage_dealt_resisted":384,"minecraft:eat_cake_slice":5,"minecraft:leave_game":5,"minecraft:time_since_death":20532,"minecraft:climb_one_cm":5812,"minecraft:damage_resisted":0,"minecraft:sprint_one_cm":1292598,"minecraft:walk_one_cm":853852,"minecraft:damage_blocked_by_shield":1001,"minecraft:drop":55,"minecraft:damage_dealt_absorbed":80,"minecraft:play_time":215516,"minecraft:deaths":1,"minecraft:sneak_time":6894,"minecraft:walk_under_water_one_cm":5261,"minecraft:jump":6645,"minecraft:interact_with_blast_furnace":4,"minecraft:walk_on_water_one_cm":11022,"minecraft:total_world_time":215516,"minecraft:interact_with_furnace":20,"tombstone:raider_killed":1,"minecraft:sleep_in_bed":4,"minecraft:time_since_rest":20218,"minecraft:waystone_activated":1,"minecraft:damage_taken":3722,"minecraft:damage_dealt":12861,"minecraft:swim_one_cm":40875,"minecraft:fly_one_cm":3166930,"minecraft:open_chest":34,"minecraft:crouch_one_cm":52219,"tombstone:undead_killed":56,"minecraft:fall_one_cm":186998},"minecraft:killed_by":{"minecraft:phantom":1},"minecraft:killed":{"minecraft:cave_spider":1,"irons_spellbooks:summoned_zombie":4,"minecraft:spider":1,"minecraft:phantom":1,"minecraft:skeleton":33,"minecraft:chicken":3,"alexsmobs:flying_fish":1,"minecraft:pig":3,"minecraft:zombie_villager":1,"minecraft:salmon":4,"irons_spellbooks:necromancer":1,"minecraft:creeper":1,"minecraft:zombie":15,"iceandfire:ghost":1,"minecraft:cow":2},"minecraft:picked_up":{"minecraft:coarse_dirt":6,"minecraft:crafting_table":7,"minecraft:wheat":32,"minecraft:chicken":3,"minecraft:brown_mushroom":1,"minecraft:enchanted_book":1,"minecraft:shield":3,"minecraft:string":2,"minecraft:cooked_salmon":5,"irons_spellbooks:arcane_essence":2,"minecraft:beef":3,"minecraft:calcite":17,"minecraft:sugar_cane":4,"minecraft:coal_block":8,"minecraft:phantom_membrane":4,"minecraft:furnace":5,"reliquary:rib_bone":1,"epicfight:skillbook":5,"minecraft:porkchop":6,"tombstone:grave_dust":7,"minecraft:carrot":22,"minecraft:dark_oak_planks":13,"minecraft:arrow":28,"minecraft:rotten_flesh":8,"minecraft:hay_block":5,"minecraft:cobblestone":35,"minecraft:lilac":1,"minecraft:tripwire_hook":1,"minecraft:salmon":5,"minecraft:leather":1,"doggytalents:rice_grains":4,"minecraft:flint":1,"minecraft:oak_log":1,"minecraft:dirt":10,"tombstone:gift":1,"minecraft:bone":26,"minecraft:wheat_seeds":52,"minecraft:book":33,"minecraft:sweet_berries":10,"minecraft:gravel":1,"sophisticatedbackpacks:iron_backpack":1,"minecraft:blast_furnace":15,"minecraft:spruce_log":4,"minecraft:cyan_bed":2,"minecraft:bundle":2,"tombstone:familiar_stone":1,"minecraft:soul_lantern":1,"waystones:waystone":1,"botania:orange_mystical_flower":1,"tombstone:magic_scroll":2,"minecraft:coal":140},"minecraft:dropped":{"minecraft:enchanted_book":1,"minecraft:wheat_seeds":27,"minecraft:lilac":1,"botania:orange_mystical_flower":1,"minecraft:coal_block":4,"minecraft:stick":1,"tombstone:grave_dust":9,"minecraft:phantom_membrane":2,"minecraft:dark_oak_planks":12,"reliquary:rib_bone":1,"minecraft:sweet_berries":5,"tombstone:familiar_stone":1,"minecraft:bowl":1,"minecraft:wheat":8,"tombstone:gift":2,"minecraft:rotten_flesh":8,"minecraft:shield":3,"minecraft:bundle":2,"apotheosis:gem":3,"minecraft:ladder":2,"doggytalents:rice_grains":4,"minecraft:wooden_pickaxe":1,"waystones:waystone":1,"minecraft:calcite":4,"epicfight:skillbook":2},"minecraft:crafted":{"minecraft:oak_planks":4,"minecraft:cooked_chicken":2,"minecraft:furnace":1,"minecraft:ladder":1,"minecraft:stone_pickaxe":1,"minecraft:wheat":5,"minecraft:cooked_beef":3,"minecraft:cooked_porkchop":6,"minecraft:crafting_table":1,"minecraft:spruce_planks":4,"minecraft:wooden_pickaxe":1,"minecraft:iron_sword":1,"minecraft:cooked_salmon":5,"minecraft:stone_axe":1,"minecraft:bread":23,"minecraft:air":111,"minecraft:shield":1,"minecraft:stick":4,"minecraft:stone_sword":1},"minecraft:mined":{"minecraft:dark_oak_planks":3,"farmersdelight:wild_carrots":25,"minecraft:grass_block":11,"minecraft:coal_block":4,"minecraft:spawner":4,"minecraft:hay_block":5,"minecraft:tall_seagrass":1,"minecraft:furnace":5,"minecraft:bookshelf":11,"minecraft:stone":36,"botania:orange_mystical_flower":1,"minecraft:brown_mushroom":1,"minecraft:brown_carpet":3,"minecraft:crafting_table":7,"minecraft:blast_furnace":15,"minecraft:calcite":20,"minecraft:tall_grass":42,"minecraft:cyan_bed":2,"minecraft:sugar_cane":1,"minecraft:coarse_dirt":6,"minecraft:wheat":27,"minecraft:lilac":2,"minecraft:spruce_log":4,"minecraft:grass":63,"minecraft:oak_log":1,"minecraft:coal_ore":20,"minecraft:gray_carpet":1,"minecraft:gravel":1,"minecraft:dirt":2,"minecraft:tripwire_hook":1,"minecraft:stone_bricks":2,"minecraft:fern":1},"minecraft:broken":{"minecraft:stone_sword":1}},"DataVersion":3465}