{"stats":{"minecraft:used":{"minecraft:cooked_mutton":1,"minecraft:trident":5,"minecraft:oak_planks":24,"minecraft:chest":2,"minecraft:wooden_pickaxe":166,"minecraft:torch":5,"minecraft:golden_apple":1,"minecraft:dirt":8,"minecraft:mutton":2,"minecraft:crafting_table":8,"minecraft:carrot":1,"minecraft:crossbow":5,"minecraft:cake":1,"minecraft:wooden_axe":47,"minecraft:black_wool":1,"minecraft:bread":4,"minecraft:cyan_bed":3,"minecraft:gravel":8,"minecraft:stone_bricks":7,"minecraft:sweet_berries":3,"ars_nouveau:sourceberry_bush":4,"tombstone:gift":1,"minecraft:egg":1,"minecraft:dandelion":1,"minecraft:experience_bottle":1},"minecraft:custom":{"minecraft:interact_with_furnace":2,"minecraft:mob_kills":10,"minecraft:tune_noteblock":4,"minecraft:interact_with_crafting_table":15,"minecraft:open_barrel":10,"minecraft:damage_dealt_resisted":0,"minecraft:eat_cake_slice":5,"minecraft:leave_game":3,"minecraft:time_since_death":35160,"minecraft:sleep_in_bed":4,"minecraft:climb_one_cm":9002,"minecraft:time_since_rest":13794,"minecraft:waystone_activated":1,"minecraft:sprint_one_cm":101793,"minecraft:damage_taken":2147483647,"minecraft:walk_one_cm":1964246,"minecraft:trigger_trapped_chest":2,"minecraft:drop":25,"minecraft:damage_dealt":2079,"minecraft:swim_one_cm":5974,"minecraft:talked_to_villager":6,"minecraft:fly_one_cm":28317,"minecraft:open_chest":26,"minecraft:crouch_one_cm":543,"minecraft:play_time":257026,"tombstone:undead_killed":6,"minecraft:deaths":15,"minecraft:sneak_time":196,"minecraft:walk_under_water_one_cm":72004,"minecraft:interact_with_lectern":1,"minecraft:jump":1603,"minecraft:interact_with_blast_furnace":3,"minecraft:walk_on_water_one_cm":166109,"minecraft:total_world_time":257026,"minecraft:interact_with_smoker":1,"minecraft:fall_one_cm":21379},"minecraft:killed_by":{"iceandfire:gorgon":1,"minecraft:player":2,"minecraft:skeleton":2,"minecraft:spider":2,"minecraft:zombie":4,"iceandfire:ghost":2},"minecraft:killed":{"minecraft:spider":2,"minecraft:sheep":1,"minecraft:skeleton":3,"cataclysm:deepling_brute":1,"minecraft:zombie":2,"irons_spellbooks:summoned_skeleton":1},"minecraft:picked_up":{"occultism:datura_seeds":2,"minecraft:crafting_table":8,"minecraft:tripwire_hook":3,"minecraft:brown_mushroom":1,"minecraft:wooden_pickaxe":1,"minecraft:potato":1,"minecraft:stone_brick_wall":1,"minecraft:flint":17,"minecraft:stone_brick_stairs":4,"minecraft:oak_log":62,"minecraft:dirt":20,"minecraft:item_frame":3,"minecraft:cooked_mutton":1,"minecraft:bone":16,"minecraft:experience_bottle":1,"minecraft:stone_bricks":15,"minecraft:wheat_seeds":1,"minecraft:iron_ingot":1,"minecraft:poppy":2,"minecraft:spruce_slab":1,"minecraft:bamboo":6,"minecraft:oak_planks":9,"minecraft:egg":4,"minecraft:book":6,"botania:red_mystical_flower":2,"apotheosis:gem":3,"minecraft:sweet_berries":3,"minecraft:torch":5,"minecraft:dandelion":5,"minecraft:gravel":143,"farmersdelight:tomato_seeds":1,"tombstone:grave_dust":1,"minecraft:trident":1,"minecraft:carrot":1,"minecraft:cyan_bed":7,"minecraft:mangrove_trapdoor":1,"alexsmobs:animal_dictionary":1,"minecraft:arrow":11,"minecraft:rotten_flesh":2,"ars_nouveau:worn_notebook":1,"minecraft:hay_block":1,"minecraft:golden_apple":1,"minecraft:bread":11,"minecraft:emerald":2,"minecraft:black_banner":2,"ars_nouveau:sourceberry_bush":20,"minecraft:black_wool":2,"minecraft:dark_oak_fence":3,"minecraft:mutton":4,"minecraft:coal":2,"minecraft:cobblestone":31},"minecraft:dropped":{"minecraft:bread":1,"minecraft:wheat_seeds":1,"alexsmobs:animal_dictionary":1,"botania:red_mystical_flower":2,"minecraft:crafting_table":2,"minecraft:rotten_flesh":2,"minecraft:oak_planks":58,"minecraft:item_frame":2,"minecraft:poppy":2,"minecraft:hay_block":1,"minecraft:dark_oak_fence":3,"minecraft:mutton":2,"minecraft:stone_brick_wall":3,"minecraft:spruce_slab":5,"minecraft:cyan_bed":2,"minecraft:stone_brick_stairs":8,"minecraft:dandelion":2,"minecraft:egg":3},"minecraft:crafted":{"minecraft:oak_planks":124,"minecraft:crafting_table":1,"minecraft:wooden_pickaxe":3,"minecraft:shield":1,"minecraft:stick":12,"minecraft:wooden_axe":2,"minecraft:chest":2,"minecraft:torch":4},"minecraft:mined":{"minecraft:brown_mushroom":1,"botania:red_mystical_flower":2,"farmersdelight:wild_carrots":1,"minecraft:dandelion":3,"minecraft:crafting_table":6,"minecraft:torch":5,"minecraft:dark_oak_fence":1,"minecraft:allium":1,"minecraft:black_banner":1,"minecraft:grass_block":11,"minecraft:poppy":2,"minecraft:light_gray_bed":1,"minecraft:tall_grass":2,"minecraft:mangrove_trapdoor":1,"minecraft:cyan_bed":5,"farmersdelight:wild_tomatoes":2,"ars_nouveau:sourceberry_bush":2,"minecraft:oak_planks":5,"minecraft:hay_block":1,"minecraft:sweet_berry_bush":1,"minecraft:black_wool":1,"minecraft:grass":10,"minecraft:oak_log":37,"minecraft:flowering_azalea_leaves":2,"minecraft:gravel":147,"minecraft:dirt":11,"minecraft:oak_leaves":1,"minecraft:stone":31,"minecraft:tripwire_hook":3,"minecraft:player_head":1,"minecraft:cake":1},"minecraft:broken":{"minecraft:wooden_axe":1,"minecraft:iron_leggings":1,"minecraft:chainmail_helmet":1,"minecraft:wooden_pickaxe":4}},"DataVersion":3465}