{"stats":{"minecraft:used":{"minecraft:trident":5,"minecraft:chest":2,"minecraft:torch":12,"minecraft:dirt":8,"minecraft:mutton":2,"minecraft:carrot":1,"minecraft:birch_door":1,"minecraft:wooden_axe":98,"minecraft:iron_axe":13,"minecraft:stone_bricks":7,"minecraft:sweet_berries":3,"minecraft:furnace":1,"ars_nouveau:sourceberry_bush":4,"tombstone:gift":1,"minecraft:egg":1,"minecraft:iron_leggings":1,"minecraft:cooked_mutton":1,"minecraft:stripped_birch_log":2,"minecraft:birch_planks":10,"minecraft:oak_planks":24,"minecraft:wooden_pickaxe":166,"minecraft:golden_apple":1,"minecraft:crafting_table":8,"minecraft:crossbow":12,"minecraft:cake":1,"minecraft:black_wool":1,"minecraft:birch_slab":53,"minecraft:cyan_bed":3,"minecraft:bread":4,"minecraft:gravel":68,"minecraft:cobblestone":12,"minecraft:dandelion":1,"minecraft:experience_bottle":1},"minecraft:custom":{"minecraft:mob_kills":13,"minecraft:interact_with_crafting_table":22,"minecraft:open_barrel":10,"minecraft:damage_dealt_resisted":0,"minecraft:eat_cake_slice":5,"minecraft:leave_game":3,"minecraft:time_since_death":2003,"minecraft:climb_one_cm":9002,"minecraft:sprint_one_cm":192683,"minecraft:walk_one_cm":2249786,"minecraft:drop":46,"minecraft:talked_to_villager":6,"minecraft:play_time":293026,"minecraft:deaths":24,"minecraft:sneak_time":232,"minecraft:walk_under_water_one_cm":72004,"tombstone:tomb_raiding":1,"minecraft:interact_with_lectern":1,"minecraft:jump":2038,"minecraft:interact_with_blast_furnace":3,"minecraft:walk_on_water_one_cm":166109,"minecraft:total_world_time":293026,"minecraft:interact_with_furnace":3,"minecraft:tune_noteblock":4,"minecraft:sleep_in_bed":4,"minecraft:time_since_rest":1875,"minecraft:waystone_activated":1,"minecraft:damage_taken":2147483647,"minecraft:trigger_trapped_chest":2,"minecraft:damage_dealt":2596,"minecraft:swim_one_cm":5974,"minecraft:player_kills":1,"minecraft:fly_one_cm":62423,"minecraft:open_chest":28,"minecraft:crouch_one_cm":833,"tombstone:undead_killed":8,"minecraft:interact_with_smoker":1,"minecraft:fall_one_cm":27336},"minecraft:killed_by":{"minecraft:zombie_villager":1,"minecraft:player":5,"minecraft:spider":2,"iceandfire:gorgon":1,"alexsmobs:tasmanian_devil":2,"minecraft:skeleton":4,"minecraft:zombie":5,"iceandfire:ghost":2},"minecraft:killed":{"minecraft:spider":2,"minecraft:skeleton":3,"irons_spellbooks:summoned_skeleton":1,"minecraft:creeper":1,"minecraft:sheep":1,"cataclysm:deepling_brute":1,"minecraft:zombie":4},"minecraft:dropped":{"minecraft:bread":36,"minecraft:iron_sword":1,"occultism:datura_seeds":2,"minecraft:wheat_seeds":1,"botania:red_mystical_flower":2,"minecraft:crafting_table":2,"minecraft:crossbow":1,"minecraft:apple":9,"minecraft:coal":20,"minecraft:flint":21,"minecraft:item_frame":2,"minecraft:stick":14,"minecraft:dark_oak_fence":3,"minecraft:mutton":2,"irons_spellbooks:arcane_essence":11,"minecraft:pumpkin_pie":1,"irons_spellbooks:common_ink":4,"minecraft:dandelion":2,"minecraft:sugar_cane":12,"irons_spellbooks:blank_rune":1,"minecraft:player_head":1,"alexsmobs:animal_dictionary":1,"tombstone:gift":1,"minecraft:rotten_flesh":2,"minecraft:oak_planks":58,"minecraft:poppy":2,"minecraft:hay_block":1,"minecraft:spruce_planks":4,"minecraft:stone_brick_wall":3,"apotheosis:gem":4,"minecraft:spruce_slab":5,"minecraft:stone_brick_stairs":8,"minecraft:cyan_bed":2,"epicfight:skillbook":1,"minecraft:egg":3},"minecraft:picked_up":{"minecraft:iron_chestplate":1,"minecraft:crafting_table":8,"minecraft:brown_mushroom":1,"minecraft:wooden_pickaxe":1,"minecraft:stone_brick_wall":1,"minecraft:stone_brick_stairs":4,"minecraft:moss_carpet":3,"minecraft:iron_axe":1,"minecraft:iron_leggings":1,"minecraft:item_frame":3,"minecraft:experience_bottle":1,"minecraft:poppy":2,"minecraft:spruce_slab":1,"minecraft:iron_boots":1,"minecraft:egg":4,"apotheosis:gem":3,"minecraft:torch":8,"epicfight:skillbook":1,"farmersdelight:tomato_seeds":1,"tombstone:grave_dust":10,"minecraft:trident":1,"minecraft:carrot":1,"minecraft:mangrove_trapdoor":1,"minecraft:arrow":11,"minecraft:rotten_flesh":4,"minecraft:pumpkin_pie":1,"ars_nouveau:worn_notebook":1,"minecraft:hay_block":1,"minecraft:black_banner":2,"ars_nouveau:sourceberry_bush":20,"minecraft:mutton":4,"minecraft:cobblestone":31,"minecraft:birch_log":33,"occultism:datura_seeds":3,"minecraft:birch_slab":8,"minecraft:tripwire_hook":3,"minecraft:potato":1,"doggytalents:rice_grains":2,"minecraft:flint":21,"minecraft:oak_log":62,"minecraft:gunpowder":2,"minecraft:stripped_birch_log":2,"minecraft:dirt":21,"minecraft:cooked_mutton":1,"minecraft:bone":16,"minecraft:apple":9,"minecraft:stone_bricks":15,"minecraft:wheat_seeds":3,"minecraft:iron_ingot":1,"minecraft:bamboo":6,"minecraft:oak_planks":9,"minecraft:book":6,"botania:red_mystical_flower":2,"minecraft:sweet_berries":3,"minecraft:dandelion":5,"minecraft:gravel":164,"minecraft:cyan_bed":7,"alexsmobs:animal_dictionary":1,"minecraft:iron_helmet":1,"minecraft:crossbow":1,"minecraft:golden_apple":1,"minecraft:emerald":2,"minecraft:bread":11,"minecraft:black_wool":2,"minecraft:dark_oak_fence":3,"minecraft:coal":2},"minecraft:crafted":{"minecraft:oak_planks":124,"minecraft:birch_slab":48,"minecraft:furnace":1,"minecraft:chest":2,"minecraft:birch_door":3,"minecraft:crafting_table":1,"minecraft:wooden_pickaxe":3,"minecraft:birch_planks":108,"minecraft:shield":1,"minecraft:stick":12,"minecraft:wooden_axe":2,"minecraft:torch":4},"minecraft:mined":{"botania:red_mystical_flower":2,"farmersdelight:wild_carrots":1,"minecraft:stripped_birch_log":2,"minecraft:dark_oak_fence":1,"minecraft:allium":1,"minecraft:black_banner":1,"minecraft:grass_block":12,"minecraft:light_gray_bed":1,"minecraft:mangrove_trapdoor":1,"minecraft:birch_slab":4,"ars_nouveau:sourceberry_bush":2,"minecraft:hay_block":1,"minecraft:moss_carpet":1,"minecraft:flowering_azalea_leaves":2,"minecraft:stone":31,"minecraft:player_head":1,"minecraft:cake":1,"minecraft:brown_mushroom":1,"minecraft:dandelion":3,"minecraft:crafting_table":6,"minecraft:torch":6,"minecraft:poppy":2,"minecraft:tall_grass":7,"farmersdelight:wild_tomatoes":2,"minecraft:cyan_bed":5,"minecraft:oak_planks":5,"minecraft:wall_torch":2,"minecraft:birch_log":35,"minecraft:sweet_berry_bush":1,"minecraft:grass":18,"minecraft:black_wool":1,"minecraft:oak_log":37,"minecraft:gravel":170,"minecraft:dirt":11,"minecraft:tripwire_hook":3,"minecraft:oak_leaves":1},"minecraft:broken":{"minecraft:iron_leggings":1,"minecraft:chainmail_helmet":1,"minecraft:wooden_pickaxe":4,"minecraft:wooden_axe":2}},"DataVersion":3465}