{"stats":{"minecraft:used":{"minecraft:trident":5,"minecraft:chest":2,"minecraft:torch":5,"minecraft:dirt":8,"minecraft:mutton":2,"minecraft:carrot":1,"minecraft:wooden_axe":98,"minecraft:stone_bricks":7,"minecraft:sweet_berries":3,"ars_nouveau:sourceberry_bush":4,"tombstone:gift":1,"minecraft:egg":1,"minecraft:iron_leggings":1,"minecraft:cooked_mutton":1,"minecraft:oak_planks":24,"minecraft:wooden_pickaxe":166,"minecraft:golden_apple":1,"minecraft:crafting_table":8,"minecraft:crossbow":5,"minecraft:cake":1,"minecraft:black_wool":1,"minecraft:cyan_bed":3,"minecraft:bread":4,"minecraft:gravel":8,"minecraft:dandelion":1,"minecraft:experience_bottle":1},"minecraft:custom":{"minecraft:mob_kills":10,"minecraft:interact_with_crafting_table":15,"minecraft:open_barrel":10,"minecraft:damage_dealt_resisted":0,"minecraft:eat_cake_slice":5,"minecraft:leave_game":3,"minecraft:time_since_death":635,"minecraft:climb_one_cm":9002,"minecraft:sprint_one_cm":163339,"minecraft:walk_one_cm":2058533,"minecraft:drop":25,"minecraft:talked_to_villager":6,"minecraft:play_time":269026,"minecraft:deaths":18,"minecraft:sneak_time":232,"minecraft:walk_under_water_one_cm":72004,"minecraft:interact_with_lectern":1,"minecraft:jump":1716,"minecraft:interact_with_blast_furnace":3,"minecraft:walk_on_water_one_cm":166109,"minecraft:total_world_time":269026,"minecraft:interact_with_furnace":2,"minecraft:tune_noteblock":4,"minecraft:sleep_in_bed":4,"minecraft:time_since_rest":1,"minecraft:waystone_activated":1,"minecraft:damage_taken":2147483647,"minecraft:trigger_trapped_chest":2,"minecraft:damage_dealt":2273,"minecraft:swim_one_cm":5974,"minecraft:fly_one_cm":46294,"minecraft:open_chest":26,"minecraft:crouch_one_cm":833,"tombstone:undead_killed":6,"minecraft:interact_with_smoker":1,"minecraft:fall_one_cm":23135},"minecraft:killed_by":{"minecraft:player":2,"minecraft:spider":2,"iceandfire:gorgon":1,"alexsmobs:tasmanian_devil":2,"minecraft:skeleton":3,"minecraft:zombie":4,"iceandfire:ghost":2},"minecraft:killed":{"minecraft:spider":2,"minecraft:skeleton":3,"irons_spellbooks:summoned_skeleton":1,"minecraft:sheep":1,"cataclysm:deepling_brute":1,"minecraft:zombie":2},"minecraft:dropped":{"minecraft:bread":1,"minecraft:wheat_seeds":1,"botania:red_mystical_flower":2,"minecraft:crafting_table":2,"minecraft:item_frame":2,"minecraft:dark_oak_fence":3,"minecraft:mutton":2,"minecraft:dandelion":2,"alexsmobs:animal_dictionary":1,"minecraft:rotten_flesh":2,"minecraft:oak_planks":58,"minecraft:poppy":2,"minecraft:hay_block":1,"minecraft:stone_brick_wall":3,"minecraft:spruce_slab":5,"minecraft:stone_brick_stairs":8,"minecraft:cyan_bed":2,"minecraft:egg":3},"minecraft:picked_up":{"minecraft:iron_chestplate":1,"minecraft:crafting_table":8,"minecraft:brown_mushroom":1,"minecraft:wooden_pickaxe":1,"minecraft:stone_brick_wall":1,"minecraft:stone_brick_stairs":4,"minecraft:moss_carpet":3,"minecraft:iron_leggings":1,"minecraft:item_frame":3,"minecraft:experience_bottle":1,"minecraft:poppy":2,"minecraft:spruce_slab":1,"minecraft:iron_boots":1,"minecraft:egg":4,"apotheosis:gem":3,"minecraft:torch":5,"farmersdelight:tomato_seeds":1,"tombstone:grave_dust":10,"minecraft:trident":1,"minecraft:carrot":1,"minecraft:mangrove_trapdoor":1,"minecraft:arrow":11,"minecraft:rotten_flesh":2,"ars_nouveau:worn_notebook":1,"minecraft:hay_block":1,"minecraft:black_banner":2,"ars_nouveau:sourceberry_bush":20,"minecraft:mutton":4,"minecraft:cobblestone":31,"minecraft:birch_log":33,"occultism:datura_seeds":2,"minecraft:tripwire_hook":3,"minecraft:potato":1,"doggytalents:rice_grains":2,"minecraft:flint":17,"minecraft:oak_log":62,"minecraft:stripped_birch_log":2,"minecraft:dirt":21,"minecraft:cooked_mutton":1,"minecraft:bone":16,"minecraft:stone_bricks":15,"minecraft:wheat_seeds":1,"minecraft:iron_ingot":1,"minecraft:bamboo":6,"minecraft:oak_planks":9,"minecraft:book":6,"botania:red_mystical_flower":2,"minecraft:sweet_berries":3,"minecraft:dandelion":5,"minecraft:gravel":143,"minecraft:cyan_bed":7,"alexsmobs:animal_dictionary":1,"minecraft:iron_helmet":1,"minecraft:golden_apple":1,"minecraft:emerald":2,"minecraft:bread":11,"minecraft:black_wool":2,"minecraft:dark_oak_fence":3,"minecraft:coal":2},"minecraft:crafted":{"minecraft:oak_planks":124,"minecraft:chest":2,"minecraft:crafting_table":1,"minecraft:wooden_pickaxe":3,"minecraft:shield":1,"minecraft:stick":12,"minecraft:wooden_axe":2,"minecraft:torch":4},"minecraft:mined":{"botania:red_mystical_flower":2,"farmersdelight:wild_carrots":1,"minecraft:stripped_birch_log":2,"minecraft:dark_oak_fence":1,"minecraft:allium":1,"minecraft:black_banner":1,"minecraft:grass_block":12,"minecraft:light_gray_bed":1,"minecraft:mangrove_trapdoor":1,"ars_nouveau:sourceberry_bush":2,"minecraft:hay_block":1,"minecraft:moss_carpet":1,"minecraft:flowering_azalea_leaves":2,"minecraft:stone":31,"minecraft:player_head":1,"minecraft:cake":1,"minecraft:brown_mushroom":1,"minecraft:dandelion":3,"minecraft:crafting_table":6,"minecraft:torch":5,"minecraft:poppy":2,"minecraft:tall_grass":3,"farmersdelight:wild_tomatoes":2,"minecraft:cyan_bed":5,"minecraft:oak_planks":5,"minecraft:birch_log":35,"minecraft:sweet_berry_bush":1,"minecraft:grass":16,"minecraft:black_wool":1,"minecraft:oak_log":37,"minecraft:gravel":147,"minecraft:dirt":11,"minecraft:tripwire_hook":3,"minecraft:oak_leaves":1},"minecraft:broken":{"minecraft:iron_leggings":1,"minecraft:chainmail_helmet":1,"minecraft:wooden_pickaxe":4,"minecraft:wooden_axe":2}},"DataVersion":3465}