{"stats":{"minecraft:used":{"alexsmobs:animal_dictionary":2,"minecraft:gravel":1},"minecraft:custom":{"minecraft:jump":134,"minecraft:open_chest":1,"minecraft:time_since_rest":9667,"minecraft:damage_dealt":8,"minecraft:sprint_one_cm":48083,"minecraft:play_time":14349,"minecraft:damage_taken":105,"minecraft:time_since_death":14349,"minecraft:walk_one_cm":86267,"minecraft:sleep_in_bed":1,"minecraft:interact_with_smoker":1,"minecraft:total_world_time":14349,"minecraft:fall_one_cm":4155,"minecraft:fly_one_cm":28810},"minecraft:picked_up":{"minecraft:flint":1,"minecraft:player_head":1,"minecraft:spruce_log":7,"minecraft:gravel":3},"minecraft:mined":{"minecraft:spruce_leaves":1,"minecraft:spruce_log":7,"minecraft:player_head":1,"minecraft:gravel":4}},"DataVersion":3465}