{"stats":{"minecraft:used":{"epicfight:skillbook":2,"minecraft:stone_pickaxe":103,"minecraft:spruce_planks":6,"minecraft:wooden_pickaxe":14,"minecraft:iron_sword":121,"minecraft:chainmail_helmet":1,"minecraft:iron_chestplate":1,"minecraft:torch":5,"minecraft:dirt":1,"minecraft:spruce_log":4,"minecraft:apple":6,"minecraft:bread":5,"minecraft:iron_helmet":2,"minecraft:iron_boots":1,"minecraft:gravel":18,"minecraft:stone_bricks":2,"minecraft:cobblestone":12,"minecraft:bow":2,"minecraft:sweet_berries":2,"minecraft:porkchop":2,"alexsmobs:animal_dictionary":6,"minecraft:pumpkin_pie":4},"minecraft:custom":{"minecraft:interact_with_furnace":1,"minecraft:mob_kills":6,"minecraft:traded_with_villager":1,"minecraft:interact_with_crafting_table":7,"minecraft:open_barrel":27,"minecraft:bell_ring":10,"minecraft:damage_dealt_resisted":33,"minecraft:leave_game":1,"minecraft:time_since_death":2424,"minecraft:sleep_in_bed":2,"minecraft:climb_one_cm":4762,"minecraft:time_since_rest":2231,"minecraft:sprint_one_cm":594926,"minecraft:damage_taken":2147483647,"minecraft:walk_one_cm":743228,"minecraft:drop":18,"minecraft:damage_dealt":4286,"minecraft:swim_one_cm":119293,"minecraft:talked_to_villager":2,"minecraft:fly_one_cm":202280,"minecraft:player_kills":10,"minecraft:open_chest":29,"minecraft:play_time":124841,"tombstone:undead_killed":2,"minecraft:deaths":14,"minecraft:walk_under_water_one_cm":43499,"tombstone:tomb_raiding":1,"minecraft:jump":1104,"minecraft:walk_on_water_one_cm":38183,"minecraft:total_world_time":124841,"minecraft:interact_with_smoker":1,"minecraft:fall_one_cm":17840},"minecraft:killed_by":{"iceandfire:gorgon":3,"minecraft:player":3,"irons_spellbooks:pyromancer":2,"minecraft:skeleton":2,"minecraft:spider":1,"minecraft:zombie":2},"minecraft:killed":{"minecraft:pig":1,"irons_spellbooks:summoned_zombie":1,"minecraft:spider":2,"minecraft:zombie":1},"minecraft:dropped":{"occultism:datura_seeds":2,"minecraft:iron_helmet":1,"minecraft:iron_boots":1,"minecraft:chainmail_helmet":1,"patchouli:guide_book":1,"minecraft:trident":1,"minecraft:iron_chestplate":1,"apotheosis:gem":3,"minecraft:iron_leggings":2,"minecraft:stone_bricks":2,"minecraft:iron_axe":1,"minecraft:chainmail_leggings":1,"minecraft:string":1,"epicfight:skillbook":2},"minecraft:picked_up":{"occultism:datura_seeds":4,"minecraft:iron_chestplate":4,"irons_spellbooks:affinity_ring":1,"minecraft:potion":1,"minecraft:flint":29,"iceandfire:manuscript":4,"minecraft:string":2,"minecraft:dirt":3,"minecraft:paper":10,"tombstone:gift":2,"minecraft:raw_copper":16,"irons_spellbooks:common_ink":4,"minecraft:iron_leggings":5,"minecraft:armor_stand":4,"minecraft:white_carpet":1,"minecraft:apple":9,"minecraft:stone_bricks":6,"iceandfire:pixie_jar_empty":2,"minecraft:bow":2,"irons_spellbooks:arcane_essence":11,"minecraft:wheat_seeds":1,"minecraft:candle":14,"minecraft:bucket":1,"minecraft:spruce_planks":8,"minecraft:iron_ingot":3,"minecraft:player_head":2,"minecraft:calcite":1,"irons_spellbooks:blank_rune":1,"minecraft:iron_pickaxe":1,"minecraft:sugar_cane":36,"minecraft:iron_sword":1,"minecraft:iron_boots":4,"minecraft:stick":14,"minecraft:raw_iron":1,"apotheosis:gem":9,"minecraft:sweet_berries":2,"patchouli:guide_book":1,"irons_spellbooks:frostward_ring":1,"minecraft:torch":1,"sophisticatedbackpacks:backpack":2,"minecraft:gravel":31,"epicfight:skillbook":2,"minecraft:porkchop":2,"farmersdelight:tomato_seeds":9,"minecraft:spruce_log":13,"minecraft:arrow":4,"minecraft:rotten_flesh":7,"minecraft:pumpkin_pie":1,"farmersdelight:onion":12,"irons_spellbooks:divine_pearl":2,"minecraft:iron_helmet":4,"minecraft:carved_pumpkin":1,"minecraft:bread":35,"minecraft:emerald":10,"minecraft:chainmail_helmet":3,"minecraft:oak_sapling":1,"minecraft:blaze_rod":8,"minecraft:coal":39,"iceandfire:raw_silver":6,"minecraft:cobblestone":45,"irons_spellbooks:scroll":1},"minecraft:crafted":{"minecraft:emerald":1,"minecraft:spruce_planks":36,"minecraft:wooden_pickaxe":2,"minecraft:stick":52,"minecraft:stone_pickaxe":1,"minecraft:torch":4},"minecraft:mined":{"iceandfire:pixie_jar_empty":1,"minecraft:spruce_planks":2,"iceandfire:silver_ore":3,"minecraft:carved_pumpkin":1,"minecraft:grass_block":1,"minecraft:calcite":1,"minecraft:copper_ore":2,"minecraft:tall_grass":4,"minecraft:cobblestone":6,"minecraft:spruce_leaves":3,"minecraft:sugar_cane":2,"minecraft:wall_torch":2,"minecraft:iron_ore":1,"minecraft:sweet_berry_bush":1,"minecraft:white_carpet":1,"minecraft:spruce_log":13,"minecraft:grass":4,"minecraft:coal_ore":19,"minecraft:gravel":4,"minecraft:dirt":1,"minecraft:stone":40,"minecraft:stone_bricks":2,"minecraft:player_head":1,"minecraft:oak_leaves":1},"minecraft:broken":{"minecraft:stone_pickaxe":1,"minecraft:iron_boots":2,"minecraft:iron_helmet":2,"minecraft:iron_chestplate":2,"minecraft:iron_leggings":2}},"DataVersion":3465}