{"stats":{"minecraft:used":{"minecraft:stone_pickaxe":103,"minecraft:spruce_planks":2,"minecraft:wooden_pickaxe":14,"minecraft:chainmail_helmet":1,"minecraft:torch":2,"minecraft:spruce_log":4,"minecraft:apple":1,"minecraft:iron_helmet":1,"minecraft:gravel":1,"minecraft:stone_bricks":2,"minecraft:cobblestone":7,"minecraft:sweet_berries":2,"minecraft:porkchop":2,"alexsmobs:animal_dictionary":3},"minecraft:custom":{"minecraft:mob_kills":3,"minecraft:interact_with_crafting_table":4,"minecraft:open_barrel":27,"minecraft:time_since_death":12676,"minecraft:sleep_in_bed":1,"minecraft:climb_one_cm":336,"minecraft:time_since_rest":11444,"minecraft:sprint_one_cm":272228,"minecraft:damage_taken":1687,"minecraft:walk_one_cm":329037,"minecraft:drop":3,"minecraft:damage_dealt":864,"minecraft:swim_one_cm":4116,"minecraft:fly_one_cm":93819,"minecraft:open_chest":7,"minecraft:play_time":56349,"tombstone:undead_killed":1,"minecraft:deaths":5,"minecraft:walk_under_water_one_cm":1593,"minecraft:jump":468,"minecraft:walk_on_water_one_cm":2349,"minecraft:total_world_time":56349,"minecraft:interact_with_smoker":1,"minecraft:fall_one_cm":7701},"minecraft:killed_by":{"irons_spellbooks:pyromancer":2,"minecraft:skeleton":2,"minecraft:zombie":1},"minecraft:killed":{"minecraft:pig":1,"minecraft:spider":1,"minecraft:zombie":1},"minecraft:dropped":{"minecraft:chainmail_helmet":1,"apotheosis:gem":1,"minecraft:iron_leggings":1},"minecraft:picked_up":{"irons_spellbooks:scroll":1,"minecraft:iron_chestplate":3,"minecraft:flint":1,"minecraft:dirt":2,"tombstone:gift":1,"minecraft:raw_copper":8,"minecraft:iron_leggings":4,"minecraft:armor_stand":4,"minecraft:stone_bricks":4,"minecraft:bow":1,"minecraft:spruce_planks":2,"minecraft:calcite":1,"minecraft:player_head":1,"minecraft:sugar_cane":12,"minecraft:iron_boots":2,"minecraft:raw_iron":1,"apotheosis:gem":1,"minecraft:sweet_berries":2,"minecraft:torch":1,"minecraft:gravel":3,"sophisticatedbackpacks:backpack":1,"minecraft:porkchop":2,"minecraft:spruce_log":13,"minecraft:rotten_flesh":7,"minecraft:iron_helmet":3,"minecraft:carved_pumpkin":1,"minecraft:chainmail_helmet":3,"minecraft:coal":19,"iceandfire:raw_silver":3,"minecraft:cobblestone":45},"minecraft:crafted":{"minecraft:spruce_planks":36,"minecraft:wooden_pickaxe":2,"minecraft:stick":52,"minecraft:stone_pickaxe":1,"minecraft:torch":4},"minecraft:mined":{"minecraft:spruce_planks":2,"iceandfire:silver_ore":3,"minecraft:carved_pumpkin":1,"minecraft:calcite":1,"minecraft:grass_block":1,"minecraft:copper_ore":2,"minecraft:cobblestone":6,"minecraft:spruce_leaves":3,"minecraft:sugar_cane":2,"minecraft:wall_torch":1,"minecraft:iron_ore":1,"minecraft:sweet_berry_bush":1,"minecraft:spruce_log":13,"minecraft:grass":2,"minecraft:coal_ore":19,"minecraft:gravel":4,"minecraft:dirt":1,"minecraft:stone":40,"minecraft:stone_bricks":2,"minecraft:player_head":1},"minecraft:broken":{"minecraft:stone_pickaxe":1}},"DataVersion":3465}