{"stats":{"minecraft:used":{"minecraft:stone_pickaxe":24,"minecraft:wooden_pickaxe":14,"minecraft:gravel":1,"minecraft:cobblestone":7,"minecraft:sweet_berries":2,"minecraft:porkchop":2,"alexsmobs:animal_dictionary":2,"minecraft:spruce_log":4},"minecraft:custom":{"minecraft:time_since_rest":5018,"minecraft:sprint_one_cm":147999,"minecraft:damage_taken":593,"minecraft:walk_one_cm":188560,"minecraft:mob_kills":1,"minecraft:drop":1,"minecraft:damage_dealt":509,"minecraft:interact_with_crafting_table":4,"minecraft:swim_one_cm":4116,"minecraft:fly_one_cm":58709,"minecraft:open_barrel":14,"minecraft:open_chest":3,"minecraft:play_time":32349,"minecraft:deaths":2,"minecraft:walk_under_water_one_cm":1593,"minecraft:jump":314,"minecraft:time_since_death":5685,"minecraft:walk_on_water_one_cm":2349,"minecraft:sleep_in_bed":1,"minecraft:interact_with_smoker":1,"minecraft:total_world_time":32349,"minecraft:fall_one_cm":4933},"minecraft:killed_by":{"minecraft:skeleton":2},"minecraft:killed":{"minecraft:pig":1},"minecraft:dropped":{"apotheosis:gem":1},"minecraft:picked_up":{"apotheosis:gem":1,"minecraft:sweet_berries":2,"sophisticatedbackpacks:backpack":1,"minecraft:gravel":3,"minecraft:porkchop":2,"minecraft:flint":1,"minecraft:spruce_log":13,"minecraft:dirt":2,"minecraft:rotten_flesh":5,"minecraft:stone_bricks":2,"minecraft:bow":1,"minecraft:carved_pumpkin":1,"minecraft:player_head":1,"minecraft:calcite":1,"minecraft:chainmail_helmet":1,"minecraft:sugar_cane":12,"minecraft:coal":9,"minecraft:cobblestone":11},"minecraft:crafted":{"minecraft:spruce_planks":36,"minecraft:stick":52,"minecraft:wooden_pickaxe":2,"minecraft:stone_pickaxe":1,"minecraft:torch":4},"minecraft:mined":{"minecraft:sweet_berry_bush":1,"minecraft:spruce_log":13,"minecraft:carved_pumpkin":1,"minecraft:grass":2,"minecraft:grass_block":1,"minecraft:calcite":1,"minecraft:coal_ore":9,"minecraft:gravel":4,"minecraft:dirt":1,"minecraft:cobblestone":6,"minecraft:spruce_leaves":3,"minecraft:stone":5,"minecraft:sugar_cane":2,"minecraft:player_head":1}},"DataVersion":3465}