{"stats":{"minecraft:used":{"minecraft:stone_pickaxe":44,"minecraft:wooden_pickaxe":14,"minecraft:gravel":1,"minecraft:cobblestone":7,"minecraft:sweet_berries":2,"minecraft:porkchop":2,"alexsmobs:animal_dictionary":3,"minecraft:spruce_log":4},"minecraft:custom":{"minecraft:time_since_rest":1,"minecraft:sprint_one_cm":235447,"minecraft:damage_taken":1473,"minecraft:walk_one_cm":268736,"minecraft:mob_kills":2,"minecraft:drop":1,"minecraft:damage_dealt":688,"minecraft:interact_with_crafting_table":4,"minecraft:swim_one_cm":4116,"minecraft:fly_one_cm":86739,"minecraft:open_barrel":27,"minecraft:open_chest":7,"minecraft:play_time":44349,"minecraft:deaths":5,"minecraft:walk_under_water_one_cm":1593,"minecraft:jump":411,"minecraft:climb_one_cm":336,"minecraft:time_since_death":676,"minecraft:walk_on_water_one_cm":2349,"minecraft:sleep_in_bed":1,"minecraft:interact_with_smoker":1,"minecraft:total_world_time":44349,"minecraft:fall_one_cm":6863},"minecraft:killed_by":{"irons_spellbooks:pyromancer":2,"minecraft:skeleton":2,"minecraft:zombie":1},"minecraft:killed":{"minecraft:pig":1,"minecraft:spider":1},"minecraft:dropped":{"apotheosis:gem":1},"minecraft:picked_up":{"minecraft:raw_iron":1,"apotheosis:gem":1,"minecraft:sweet_berries":2,"sophisticatedbackpacks:backpack":1,"minecraft:gravel":3,"minecraft:porkchop":2,"minecraft:flint":1,"minecraft:spruce_log":13,"minecraft:dirt":2,"minecraft:rotten_flesh":5,"minecraft:stone_bricks":2,"minecraft:bow":1,"minecraft:carved_pumpkin":1,"minecraft:player_head":1,"minecraft:calcite":1,"minecraft:chainmail_helmet":1,"minecraft:sugar_cane":12,"minecraft:coal":18,"iceandfire:raw_silver":1,"minecraft:cobblestone":12},"minecraft:crafted":{"minecraft:spruce_planks":36,"minecraft:stick":52,"minecraft:wooden_pickaxe":2,"minecraft:stone_pickaxe":1,"minecraft:torch":4},"minecraft:mined":{"iceandfire:silver_ore":1,"minecraft:iron_ore":1,"minecraft:sweet_berry_bush":1,"minecraft:spruce_log":13,"minecraft:carved_pumpkin":1,"minecraft:grass":2,"minecraft:grass_block":1,"minecraft:calcite":1,"minecraft:coal_ore":18,"minecraft:gravel":4,"minecraft:dirt":1,"minecraft:cobblestone":6,"minecraft:spruce_leaves":3,"minecraft:stone":7,"minecraft:sugar_cane":2,"minecraft:player_head":1}},"DataVersion":3465}