{"stats":{"minecraft:used":{"epicfight:skillbook":2,"minecraft:stone_pickaxe":103,"minecraft:spruce_planks":2,"minecraft:wooden_pickaxe":14,"minecraft:iron_sword":2,"minecraft:chainmail_helmet":1,"minecraft:torch":5,"minecraft:spruce_log":4,"minecraft:apple":1,"minecraft:iron_helmet":1,"minecraft:gravel":1,"minecraft:stone_bricks":2,"minecraft:cobblestone":12,"minecraft:sweet_berries":2,"minecraft:porkchop":2,"minecraft:pumpkin_pie":3,"alexsmobs:animal_dictionary":6},"minecraft:custom":{"minecraft:mob_kills":3,"minecraft:traded_with_villager":1,"minecraft:interact_with_crafting_table":4,"minecraft:open_barrel":27,"minecraft:bell_ring":10,"minecraft:time_since_death":36676,"minecraft:sleep_in_bed":1,"minecraft:climb_one_cm":3350,"minecraft:time_since_rest":35444,"minecraft:sprint_one_cm":357162,"minecraft:damage_taken":1733,"minecraft:walk_one_cm":485904,"minecraft:drop":10,"minecraft:damage_dealt":964,"minecraft:swim_one_cm":4116,"minecraft:talked_to_villager":2,"minecraft:fly_one_cm":111935,"minecraft:open_chest":25,"minecraft:play_time":80349,"tombstone:undead_killed":1,"minecraft:deaths":5,"minecraft:walk_under_water_one_cm":2155,"minecraft:jump":588,"minecraft:walk_on_water_one_cm":2550,"minecraft:total_world_time":80349,"minecraft:interact_with_smoker":1,"minecraft:fall_one_cm":9380},"minecraft:killed_by":{"irons_spellbooks:pyromancer":2,"minecraft:skeleton":2,"minecraft:zombie":1},"minecraft:killed":{"minecraft:pig":1,"minecraft:spider":1,"minecraft:zombie":1},"minecraft:dropped":{"minecraft:iron_helmet":1,"minecraft:iron_boots":1,"minecraft:chainmail_helmet":1,"patchouli:guide_book":1,"minecraft:iron_chestplate":1,"apotheosis:gem":1,"minecraft:iron_leggings":2,"epicfight:skillbook":2},"minecraft:picked_up":{"irons_spellbooks:scroll":1,"minecraft:iron_chestplate":3,"minecraft:flint":1,"minecraft:dirt":2,"tombstone:gift":1,"minecraft:raw_copper":8,"minecraft:white_carpet":1,"minecraft:iron_leggings":4,"minecraft:armor_stand":4,"minecraft:stone_bricks":4,"iceandfire:pixie_jar_empty":1,"minecraft:bow":1,"minecraft:wheat_seeds":1,"minecraft:spruce_planks":2,"minecraft:calcite":1,"minecraft:player_head":1,"minecraft:iron_pickaxe":1,"minecraft:sugar_cane":12,"minecraft:iron_boots":3,"minecraft:raw_iron":1,"apotheosis:gem":1,"minecraft:sweet_berries":2,"patchouli:guide_book":1,"minecraft:torch":1,"minecraft:gravel":3,"sophisticatedbackpacks:backpack":1,"epicfight:skillbook":2,"minecraft:porkchop":2,"minecraft:spruce_log":13,"minecraft:arrow":2,"minecraft:rotten_flesh":7,"minecraft:iron_helmet":3,"minecraft:carved_pumpkin":1,"minecraft:chainmail_helmet":3,"minecraft:oak_sapling":1,"minecraft:coal":19,"iceandfire:raw_silver":3,"minecraft:cobblestone":45},"minecraft:crafted":{"minecraft:emerald":1,"minecraft:spruce_planks":36,"minecraft:wooden_pickaxe":2,"minecraft:stick":52,"minecraft:stone_pickaxe":1,"minecraft:torch":4},"minecraft:mined":{"minecraft:spruce_planks":2,"iceandfire:silver_ore":3,"minecraft:carved_pumpkin":1,"minecraft:calcite":1,"minecraft:grass_block":1,"minecraft:copper_ore":2,"minecraft:cobblestone":6,"minecraft:spruce_leaves":3,"minecraft:sugar_cane":2,"minecraft:wall_torch":2,"minecraft:iron_ore":1,"minecraft:sweet_berry_bush":1,"minecraft:white_carpet":1,"minecraft:spruce_log":13,"minecraft:grass":3,"minecraft:coal_ore":19,"minecraft:gravel":4,"minecraft:dirt":1,"minecraft:stone":40,"minecraft:stone_bricks":2,"minecraft:player_head":1,"minecraft:oak_leaves":1,"iceandfire:pixie_jar_empty":1},"minecraft:broken":{"minecraft:stone_pickaxe":1}},"DataVersion":3465}