{"stats":{"minecraft:used":{"minecraft:flint_and_steel":10,"minecraft:spruce_planks":6,"minecraft:chest":1,"minecraft:iron_sword":136,"minecraft:iron_chestplate":1,"minecraft:torch":5,"minecraft:dirt":1,"minecraft:iron_helmet":2,"minecraft:iron_boots":1,"minecraft:stone_bricks":2,"minecraft:bow":2,"minecraft:sweet_berries":2,"tombstone:gift":6,"epicfight:skillbook":2,"minecraft:stone_pickaxe":103,"occultism:datura_seeds":2,"minecraft:wooden_pickaxe":14,"minecraft:chainmail_helmet":1,"minecraft:white_bed":1,"minecraft:spruce_log":4,"minecraft:apple":6,"minecraft:bread":12,"minecraft:iron_pickaxe":18,"minecraft:gravel":18,"minecraft:cobblestone":12,"minecraft:porkchop":2,"minecraft:pumpkin_pie":4,"alexsmobs:animal_dictionary":6},"minecraft:custom":{"minecraft:mob_kills":9,"minecraft:interact_with_crafting_table":7,"minecraft:open_barrel":27,"minecraft:bell_ring":10,"minecraft:damage_dealt_resisted":33,"minecraft:leave_game":1,"minecraft:time_since_death":21831,"minecraft:climb_one_cm":7940,"minecraft:sprint_one_cm":791193,"minecraft:walk_one_cm":905831,"minecraft:drop":19,"minecraft:talked_to_villager":4,"minecraft:play_time":148841,"minecraft:deaths":15,"minecraft:walk_under_water_one_cm":48092,"tombstone:tomb_raiding":1,"minecraft:jump":1285,"minecraft:walk_on_water_one_cm":45240,"minecraft:total_world_time":148841,"minecraft:interact_with_furnace":2,"minecraft:traded_with_villager":1,"minecraft:sleep_in_bed":3,"minecraft:time_since_rest":21186,"minecraft:waystone_activated":1,"minecraft:damage_taken":2147483647,"minecraft:damage_dealt":5172,"minecraft:swim_one_cm":130336,"minecraft:fly_one_cm":239214,"minecraft:player_kills":11,"minecraft:open_chest":38,"tombstone:undead_killed":3,"minecraft:interact_with_smoker":1,"minecraft:fall_one_cm":22244},"minecraft:killed_by":{"minecraft:player":3,"irons_spellbooks:pyromancer":2,"minecraft:spider":1,"iceandfire:gorgon":3,"minecraft:skeleton":2,"minecraft:zombie":3},"minecraft:killed":{"irons_spellbooks:summoned_zombie":1,"minecraft:spider":2,"minecraft:pig":2,"minecraft:zombie":2},"minecraft:dropped":{"occultism:datura_seeds":2,"minecraft:iron_helmet":1,"minecraft:chainmail_helmet":1,"minecraft:iron_leggings":2,"minecraft:iron_axe":1,"minecraft:chainmail_leggings":1,"minecraft:paper":10,"minecraft:string":1,"minecraft:iron_boots":1,"patchouli:guide_book":1,"minecraft:trident":1,"minecraft:iron_chestplate":1,"apotheosis:gem":3,"minecraft:stone_bricks":2,"epicfight:skillbook":2},"minecraft:picked_up":{"irons_spellbooks:scroll":1,"minecraft:seagrass":4,"minecraft:charcoal":2,"minecraft:iron_chestplate":4,"minecraft:prismarine_shard":1,"irons_spellbooks:affinity_ring":1,"minecraft:stone_brick_wall":1,"minecraft:potion":1,"iceandfire:manuscript":4,"minecraft:string":2,"minecraft:raw_copper":16,"minecraft:white_carpet":1,"minecraft:armor_stand":4,"minecraft:iron_leggings":5,"irons_spellbooks:arcane_essence":11,"minecraft:candle":14,"minecraft:bucket":1,"minecraft:spruce_planks":8,"minecraft:calcite":1,"minecraft:player_head":2,"minecraft:iron_pickaxe":1,"irons_spellbooks:blank_rune":1,"minecraft:coal_block":5,"minecraft:sugar_cane":36,"minecraft:chest":1,"minecraft:iron_boots":4,"minecraft:stick":14,"minecraft:raw_iron":1,"apotheosis:gem":9,"minecraft:torch":1,"sophisticatedbackpacks:backpack":2,"epicfight:skillbook":2,"minecraft:porkchop":5,"farmersdelight:tomato_seeds":9,"minecraft:arrow":4,"minecraft:rotten_flesh":7,"minecraft:pumpkin_pie":1,"farmersdelight:onion":12,"minecraft:carved_pumpkin":1,"minecraft:blaze_rod":8,"minecraft:skeleton_skull":1,"minecraft:cobblestone":45,"occultism:datura_seeds":4,"doggytalents:rice_grains":10,"minecraft:flint":29,"minecraft:gunpowder":1,"minecraft:dirt":20,"minecraft:paper":20,"minecraft:lantern":1,"tombstone:gift":2,"minecraft:cooked_mutton":8,"irons_spellbooks:common_ink":4,"minecraft:apple":9,"minecraft:stone_bricks":8,"iceandfire:pixie_jar_empty":2,"minecraft:bow":2,"minecraft:wheat_seeds":4,"minecraft:iron_ingot":3,"minecraft:oak_planks":2,"minecraft:iron_sword":1,"minecraft:sweet_berries":2,"patchouli:guide_book":1,"irons_spellbooks:frostward_ring":1,"minecraft:gravel":31,"minecraft:sand":2,"minecraft:white_bed":1,"minecraft:spruce_log":13,"irons_spellbooks:divine_pearl":2,"minecraft:iron_helmet":4,"minecraft:chainmail_helmet":3,"minecraft:emerald":10,"minecraft:bread":35,"minecraft:oak_sapling":1,"minecraft:coal":39,"iceandfire:raw_silver":6},"minecraft:crafted":{"minecraft:flint_and_steel":1,"minecraft:stone_pickaxe":1,"minecraft:emerald":1,"minecraft:spruce_planks":36,"minecraft:wooden_pickaxe":2,"minecraft:stick":52,"minecraft:torch":4},"minecraft:mined":{"minecraft:spruce_planks":2,"minecraft:white_bed":1,"iceandfire:silver_ore":3,"minecraft:carved_pumpkin":1,"minecraft:grass_block":1,"minecraft:stone_brick_wall":2,"minecraft:coal_block":5,"minecraft:spruce_leaves":3,"minecraft:iron_ore":1,"minecraft:fire":7,"minecraft:stone":41,"minecraft:player_head":1,"iceandfire:pixie_jar_empty":1,"minecraft:calcite":1,"minecraft:chest":1,"minecraft:campfire":1,"minecraft:tall_grass":4,"minecraft:copper_ore":2,"minecraft:cobblestone":6,"minecraft:oak_planks":2,"minecraft:sugar_cane":2,"minecraft:wall_torch":2,"minecraft:skeleton_skull":1,"minecraft:sweet_berry_bush":1,"minecraft:white_carpet":1,"minecraft:spruce_log":13,"minecraft:grass":5,"minecraft:coal_ore":19,"minecraft:gravel":4,"minecraft:dirt":8,"minecraft:stone_bricks":5,"minecraft:oak_leaves":1},"minecraft:broken":{"minecraft:iron_boots":2,"minecraft:iron_chestplate":2,"minecraft:iron_leggings":2,"minecraft:stone_pickaxe":1,"minecraft:iron_helmet":2}},"DataVersion":3465}