{
  "ars_nouveau:recipes/misc/ritual_flight": {
    "criteria": {
      "has_journal": "2024-09-23 02:36:58 +0000"
    },
    "done": true
  },
  "minecraft:recipes/decorations/ladder": {
    "criteria": {
      "has_stick": "2024-09-23 02:50:05 +0000"
    },
    "done": true
  },
  "ars_nouveau:recipes/building_blocks/smooth_gilded_sourcestone_basketweave_stonecutter_stair": {
    "criteria": {
      "has_journal": "2024-09-23 02:36:58 +0000"
    },
    "done": true
  },
  "ars_elemental:recipes/misc/tablet_ritual_repulsion": {
    "criteria": {
      "has_journal": "2024-09-23 02:36:58 +0000"
    },
    "done": true
  },
  "spartanweaponry:recipes/stone_glaive": {
    "criteria": {
      "has_cobblestone": "2024-09-23 02:51:31 +0000"
    },
    "done": true
  },
  "ars_nouveau:recipes/building_blocks/smooth_gilded_sourcestone_large_bricks_stonecutter_stair": {
    "criteria": {
      "has_journal": "2024-09-23 02:36:58 +0000"
    },
    "done": true
  },
  "securitycraft:recipes/redstone/reinforced_birch_fence_gate": {
    "criteria": {
      "has_stick": "2024-09-23 02:50:05 +0000"
    },
    "done": true
  },
  "morebows:recipes/iron_bow": {
    "criteria": {
      "has_bow": "2024-09-23 02:55:24 +0000"
    },
    "done": true
  },
  "ars_nouveau:recipes/building_blocks/smooth_gilded_sourcestone_mosaic_stone_cutterslab": {
    "criteria": {
      "has_journal": "2024-09-23 02:36:58 +0000"
    },
    "done": true
  },
  "deeperdarker:recipes/transportation/echo_boat": {
    "criteria": {
      "in_water": "2024-09-23 02:52:58 +0000"
    },
    "done": true
  },
  "securitycraft:recipes/redstone/reinforced_jungle_fence_gate": {
    "criteria": {
      "has_stick": "2024-09-23 02:50:05 +0000"
    },
    "done": true
  },
  "ars_nouveau:recipes/misc/ritual_fertility": {
    "criteria": {
      "has_journal": "2024-09-23 02:36:58 +0000"
    },
    "done": true
  },
  "spartanweaponry:recipes/stone_longsword": {
    "criteria": {
      "has_cobblestone": "2024-09-23 02:51:31 +0000"
    },
    "done": true
  },
  "ars_nouveau:recipes/misc/gilded_sourcestone_large_bricks_to_sourcestone": {
    "criteria": {
      "has_journal": "2024-09-23 02:36:58 +0000"
    },
    "done": true
  },
  "ars_nouveau:recipes/misc/ritual_animal_summon": {
    "criteria": {
      "has_journal": "2024-09-23 02:36:58 +0000"
    },
    "done": true
  },
  "botania:recipes/misc/conversions/blazeblock_deconstruct": {
    "criteria": {
      "has_item": "2024-09-23 03:03:20 +0000"
    },
    "done": true
  },
  "storagedrawers:recipes/storagedrawers/one_stack_upgrade": {
    "criteria": {
      "has_template": "2024-09-23 02:36:58 +0000"
    },
    "done": true
  },
  "ars_nouveau:recipes/building_blocks/smooth_sourcestone_slab": {
    "criteria": {
      "has_journal": "2024-09-23 02:36:58 +0000"
    },
    "done": true
  },
  "minecraft:recipes/building_blocks/raw_iron_block": {
    "criteria": {
      "has_raw_iron": "2024-09-23 03:12:34 +0000"
    },
    "done": true
  },
  "ars_nouveau:recipes/building_blocks/sourcestone_large_bricks_stonecutter_stair": {
    "criteria": {
      "has_journal": "2024-09-23 02:36:58 +0000"
    },
    "done": true
  },
  "ironchest:recipes/decorations/chests/diamond_obsidian_chest": {
    "criteria": {
      "has_obsidian": "2024-09-23 03:03:11 +0000"
    },
    "done": true
  },
  "spartanweaponry:recipes/stone_battle_hammer": {
    "criteria": {
      "has_cobblestone": "2024-09-23 02:51:31 +0000"
    },
    "done": true
  },
  "ars_nouveau:recipes/misc/manipulation_essence_to_andesite": {
    "criteria": {
      "has_journal": "2024-09-23 02:36:58 +0000"
    },
    "done": true
  },
  "iceandfire:recipes/building_blocks/dragonforge_ice_brick": {
    "criteria": {
      "has_item": "2024-09-23 03:01:09 +0000"
    },
    "done": true
  },
  "ars_nouveau:recipes/misc/green_archwood_wood": {
    "criteria": {
      "has_journal": "2024-09-23 02:36:58 +0000"
    },
    "done": true
  },
  "doggytalents:recipes/decorations/sunglasses": {
    "criteria": {
      "has_stick": "2024-09-23 02:50:05 +0000"
    },
    "done": true
  },
  "deeperdarker:recipes/transportation/bloom_boat": {
    "criteria": {
      "in_water": "2024-09-23 02:52:58 +0000"
    },
    "done": true
  },
  "ars_nouveau:recipes/misc/gilded_sourcestone_large_bricks_stairs": {
    "criteria": {
      "has_journal": "2024-09-23 02:36:58 +0000"
    },
    "done": true
  },
  "minecraft:recipes/tools/wooden_axe": {
    "criteria": {
      "has_stick": "2024-09-23 02:50:05 +0000"
    },
    "done": true
  },
  "ars_nouveau:recipes/misc/smooth_sourcestone_stairs": {
    "criteria": {
      "has_journal": "2024-09-23 02:36:58 +0000"
    },
    "done": true
  },
  "ars_nouveau:recipes/misc/ritual_brazier": {
    "criteria": {
      "has_journal": "2024-09-23 02:36:58 +0000"
    },
    "done": true
  },
  "ars_nouveau:recipes/misc/manipulation_essence_to_mycelium": {
    "criteria": {
      "has_journal": "2024-09-23 02:36:58 +0000"
    },
    "done": true
  },
  "ars_nouveau:recipes/building_blocks/stripped_green_archwood_wood": {
    "criteria": {
      "has_journal": "2024-09-23 02:36:58 +0000"
    },
    "done": true
  },
  "stellarity:cursed_tome/root": {
    "criteria": {
      "requirement": "2024-09-23 02:36:58 +0000"
    },
    "done": true
  },
  "occultism:recipes/misc/smelting/silver_ingot_from_raw": {
    "criteria": {
      "has_raw_silver": "2024-09-23 03:12:11 +0000"
    },
    "done": true
  },
  "minecraft:nether/obtain_blaze_rod": {
    "criteria": {
      "blaze_rod": "2024-09-23 03:03:20 +0000"
    },
    "done": true
  },
  "ars_nouveau:recipes/building_blocks/smooth_gilded_sourcestone_basketweave_stone_cutterslab": {
    "criteria": {
      "has_journal": "2024-09-23 02:36:58 +0000"
    },
    "done": true
  },
  "ars_nouveau:recipes/misc/spike_to_arrow": {
    "criteria": {
      "has_journal": "2024-09-23 02:36:58 +0000"
    },
    "done": true
  },
  "iceandfire:recipes/building_blocks/dragonforge_fire_brick": {
    "criteria": {
      "has_item": "2024-09-23 03:01:09 +0000"
    },
    "done": true
  },
  "doggytalents:recipes/decorations/giant_stick": {
    "criteria": {
      "has_stick": "2024-09-23 02:50:05 +0000"
    },
    "done": true
  },
  "ars_nouveau:recipes/misc/void_prism": {
    "criteria": {
      "has_journal": "2024-09-23 02:36:58 +0000"
    },
    "done": true
  },
  "ars_nouveau:recipes/misc/relay": {
    "criteria": {
      "has_journal": "2024-09-23 02:36:58 +0000"
    },
    "done": true
  },
  "ars_nouveau:recipes/misc/ritual_burrowing": {
    "criteria": {
      "has_journal": "2024-09-23 02:36:58 +0000"
    },
    "done": true
  },
  "ars_nouveau:recipes/misc/ritual_overgrowth": {
    "criteria": {
      "has_journal": "2024-09-23 02:36:58 +0000"
    },
    "done": true
  },
  "ars_elemental:recipes/misc/alt_blossom": {
    "criteria": {
      "has_journal": "2024-09-23 02:36:58 +0000"
    },
    "done": true
  },
  "minecraft:recipes/decorations/crafting_table": {
    "criteria": {
      "unlock_right_away": "2024-09-23 02:36:58 +0000"
    },
    "done": true
  },
  "minecraft:recipes/decorations/chest": {
    "criteria": {
      "has_lots_of_items": "2024-09-23 02:50:57 +0000"
    },
    "done": true
  },
  "minecraft:recipes/misc/stick": {
    "criteria": {
      "has_the_recipe": "2024-09-23 02:49:59 +0000"
    },
    "done": true
  },
  "ars_nouveau:recipes/misc/sunrise_2": {
    "criteria": {
      "has_journal": "2024-09-23 02:36:58 +0000"
    },
    "done": true
  },
  "minecraft:adventure/sleep_in_bed": {
    "criteria": {
      "slept_in_bed": "2024-09-23 02:40:49 +0000"
    },
    "done": true
  },
  "minecraft:recipes/transportation/cherry_boat": {
    "criteria": {
      "in_water": "2024-09-23 02:52:58 +0000"
    },
    "done": true
  },
  "storagedrawers:recipes/storagedrawers/illumination_upgrade": {
    "criteria": {
      "has_template": "2024-09-23 02:36:58 +0000"
    },
    "done": true
  },
  "ars_nouveau:recipes/misc/manipulation_essence_to_diorite": {
    "criteria": {
      "has_journal": "2024-09-23 02:36:58 +0000"
    },
    "done": true
  },
  "ars_nouveau:recipes/building_blocks/gilded_sourcestone_alternating_stone_cutterslab": {
    "criteria": {
      "has_journal": "2024-09-23 02:36:58 +0000"
    },
    "done": true
  },
  "securitycraft:recipes/building_blocks/reinforced_andesite_with_vanilla_cobblestone": {
    "criteria": {
      "has_cobblestone": "2024-09-23 02:51:31 +0000"
    },
    "done": true
  },
  "spartanweaponry:recipes/wooden_saber": {
    "criteria": {
      "has_wood": "2024-09-23 02:50:06 +0000"
    },
    "done": true
  },
  "ars_nouveau:recipes/misc/clear_deny": {
    "criteria": {
      "has_journal": "2024-09-23 02:36:58 +0000"
    },
    "done": true
  },
  "spartanweaponry:recipes/wooden_javelin": {
    "criteria": {
      "has_wood": "2024-09-23 02:50:06 +0000"
    },
    "done": true
  },
  "ars_nouveau:recipes/misc/moonfall_2": {
    "criteria": {
      "has_journal": "2024-09-23 02:36:58 +0000"
    },
    "done": true
  },
  "ars_nouveau:recipes/misc/spell_prism": {
    "criteria": {
      "has_journal": "2024-09-23 02:36:58 +0000"
    },
    "done": true
  },
  "farmersdelight:recipes/cooking/apple_cider": {
    "criteria": {
      "has_apple": "2024-09-23 03:02:41 +0000"
    },
    "done": true
  },
  "ars_nouveau:recipes/misc/polished_source_sconce": {
    "criteria": {
      "has_journal": "2024-09-23 02:36:58 +0000"
    },
    "done": true
  },
  "ars_nouveau:recipes/misc/gilded_sourcestone_alternating_stairs": {
    "criteria": {
      "has_journal": "2024-09-23 02:36:58 +0000"
    },
    "done": true
  },
  "spartanweaponry:recipes/wooden_quarterstaff": {
    "criteria": {
      "has_wood": "2024-09-23 02:50:06 +0000"
    },
    "done": true
  },
  "ars_nouveau:recipes/misc/ritual_sunrise": {
    "criteria": {
      "has_journal": "2024-09-23 02:36:58 +0000"
    },
    "done": true
  },
  "ars_nouveau:recipes/misc/wipe_spell_parchment": {
    "criteria": {
      "has_journal": "2024-09-23 02:36:58 +0000"
    },
    "done": true
  },
  "irons_spellbooks:grant_patchouli": {
    "criteria": {
      "tick": "2024-09-23 02:36:58 +0000"
    },
    "done": true
  },
  "storagedrawers:recipes/storagedrawers/acacia_trim": {
    "criteria": {
      "has_planks": "2024-09-23 02:36:58 +0000"
    },
    "done": true
  },
  "ars_nouveau:recipes/misc/wixie_hat": {
    "criteria": {
      "has_journal": "2024-09-23 02:36:58 +0000"
    },
    "done": true
  },
  "spartanweaponry:recipes/stone_boomerang": {
    "criteria": {
      "has_cobblestone": "2024-09-23 02:51:31 +0000"
    },
    "done": true
  },
  "ars_nouveau:recipes/building_blocks/sourcestone_basketweave_stone_cutterslab": {
    "criteria": {
      "has_journal": "2024-09-23 02:36:58 +0000"
    },
    "done": true
  },
  "sophisticatedstorage:recipes/misc/spruce_limited_barrel_2": {
    "criteria": {
      "has_spruce_plank": "2024-09-23 02:50:06 +0000"
    },
    "done": true
  },
  "sophisticatedstorage:recipes/misc/spruce_limited_barrel_1": {
    "criteria": {
      "has_spruce_plank": "2024-09-23 02:50:06 +0000"
    },
    "done": true
  },
  "sophisticatedstorage:recipes/misc/spruce_limited_barrel_4": {
    "criteria": {
      "has_spruce_plank": "2024-09-23 02:50:06 +0000"
    },
    "done": true
  },
  "sophisticatedstorage:recipes/misc/spruce_limited_barrel_3": {
    "criteria": {
      "has_spruce_plank": "2024-09-23 02:50:06 +0000"
    },
    "done": true
  },
  "minecraft:recipes/food/pumpkin_pie": {
    "criteria": {
      "has_carved_pumpkin": "2024-09-23 02:58:46 +0000"
    },
    "done": true
  },
  "ars_nouveau:recipes/building_blocks/gilded_sourcestone_small_bricks_stonecutter_stair": {
    "criteria": {
      "has_journal": "2024-09-23 02:36:58 +0000"
    },
    "done": true
  },
  "spartanweaponry:recipes/wooden_club": {
    "criteria": {
      "has_wood_log": "2024-09-23 02:48:25 +0000"
    },
    "done": true
  },
  "ars_nouveau:recipes/misc/source_berry_pie": {
    "criteria": {
      "has_journal": "2024-09-23 02:36:58 +0000"
    },
    "done": true
  },
  "doggytalents:recipes/decorations/head_band_blank": {
    "criteria": {
      "has_paper": "2024-09-23 03:02:31 +0000"
    },
    "done": true
  },
  "minecraft:recipes/building_blocks/lime_concrete_powder": {
    "criteria": {
      "has_gravel": "2024-09-23 02:39:03 +0000"
    },
    "done": true
  },
  "iceandfire:iceandfire/root": {
    "criteria": {
      "tick": "2024-09-23 02:36:58 +0000"
    },
    "done": true
  },
  "minecraft:recipes/redstone/spruce_button": {
    "criteria": {
      "has_planks": "2024-09-23 02:50:06 +0000"
    },
    "done": true
  },
  "framedblocks:recipes/building_blocks/framed_cube": {
    "criteria": {
      "hasPlanks": "2024-09-23 02:50:06 +0000"
    },
    "done": true
  },
  "ars_nouveau:recipes/building_blocks/archwood_fence_gate": {
    "criteria": {
      "has_journal": "2024-09-23 02:36:58 +0000"
    },
    "done": true
  },
  "securitycraft:recipes/redstone/reinforced_bamboo_fence_gate": {
    "criteria": {
      "has_stick": "2024-09-23 02:50:05 +0000"
    },
    "done": true
  },
  "minecraft:recipes/misc/copper_ingot_from_blasting_raw_copper": {
    "criteria": {
      "has_raw_copper": "2024-09-23 03:16:19 +0000"
    },
    "done": true
  },
  "minecraft:recipes/food/cooked_porkchop": {
    "criteria": {
      "has_porkchop": "2024-09-23 02:51:14 +0000"
    },
    "done": true
  },
  "ars_nouveau:recipes/misc/gilded_sourcestone_basketweave_to_sourcestone": {
    "criteria": {
      "has_journal": "2024-09-23 02:36:58 +0000"
    },
    "done": true
  },
  "doggytalents:recipes/decorations/birthday_hat_alt": {
    "criteria": {
      "has_paper": "2024-09-23 03:02:31 +0000"
    },
    "done": true
  },
  "ars_nouveau:recipes/misc/ritual_forestation": {
    "criteria": {
      "has_journal": "2024-09-23 02:36:58 +0000"
    },
    "done": true
  },
  "ars_nouveau:recipes/misc/ritual_cloudshaping": {
    "criteria": {
      "has_journal": "2024-09-23 02:36:58 +0000"
    },
    "done": true
  },
  "minecraft:recipes/building_blocks/magenta_concrete_powder": {
    "criteria": {
      "has_gravel": "2024-09-23 02:39:03 +0000"
    },
    "done": true
  },
  "minecraft:recipes/decorations/campfire": {
    "criteria": {
      "has_stick": "2024-09-23 02:50:05 +0000"
    },
    "done": true
  },
  "tombstone:adventure/first_grave": {
    "criteria": {
      "coded_trigger": "2024-09-23 02:56:19 +0000"
    },
    "done": true
  },
  "spartanweaponry:recipes/wooden_greatsword": {
    "criteria": {
      "has_wood": "2024-09-23 02:50:06 +0000"
    },
    "done": true
  },
  "ars_nouveau:recipes/misc/blank_parchment": {
    "criteria": {
      "has_journal": "2024-09-23 02:36:58 +0000"
    },
    "done": true
  },
  "ars_nouveau:recipes/building_blocks/archwood_fence": {
    "criteria": {
      "has_journal": "2024-09-23 02:36:58 +0000"
    },
    "done": true
  },
  "storagedrawers:recipes/storagedrawers/concealment_key": {
    "criteria": {
      "has_template": "2024-09-23 02:36:58 +0000"
    },
    "done": true
  },
  "ars_nouveau:recipes/misc/archwood_planks": {
    "criteria": {
      "has_journal": "2024-09-23 02:36:58 +0000"
    },
    "done": true
  },
  "ars_nouveau:recipes/misc/potion_jar": {
    "criteria": {
      "has_journal": "2024-09-23 02:36:58 +0000"
    },
    "done": true
  },
  "ars_nouveau:recipes/misc/air_essence_to_snow_bucket": {
    "criteria": {
      "has_journal": "2024-09-23 02:36:58 +0000"
    },
    "done": true
  },
  "minecraft:recipes/building_blocks/chiseled_stone_bricks_from_stone_bricks_stonecutting": {
    "criteria": {
      "has_stone_bricks": "2024-09-23 03:01:09 +0000"
    },
    "done": true
  },
  "spartanweaponry:recipes/stone_battleaxe": {
    "criteria": {
      "has_cobblestone": "2024-09-23 02:51:31 +0000"
    },
    "done": true
  },
  "ars_nouveau:recipes/misc/ritual_disintegration": {
    "criteria": {
      "has_journal": "2024-09-23 02:36:58 +0000"
    },
    "done": true
  },
  "ars_nouveau:recipes/misc/warp_scroll": {
    "criteria": {
      "has_journal": "2024-09-23 02:36:58 +0000"
    },
    "done": true
  },
  "corail_recycler:recipes/recycler": {
    "criteria": {
      "requirement_1": "2024-09-23 02:50:06 +0000"
    },
    "done": false
  },
  "ars_nouveau:recipes/misc/starbuncle_shades": {
    "criteria": {
      "has_journal": "2024-09-23 02:36:58 +0000"
    },
    "done": true
  },
  "occultism:recipes/misc/blasting/silver_ingot_from_raw": {
    "criteria": {
      "has_raw_silver": "2024-09-23 03:12:11 +0000"
    },
    "done": true
  },
  "ars_nouveau:recipes/building_blocks/gilded_sourcestone_basketweave_stonecutter_stair": {
    "criteria": {
      "has_journal": "2024-09-23 02:36:58 +0000"
    },
    "done": true
  },
  "spartanweaponry:recipes/wooden_throwing_knife": {
    "criteria": {
      "has_wood": "2024-09-23 02:50:06 +0000"
    },
    "done": true
  },
  "ars_nouveau:recipes/building_blocks/sourcestone_basketweave_stonecutter_stair": {
    "criteria": {
      "has_journal": "2024-09-23 02:36:58 +0000"
    },
    "done": true
  },
  "minecraft:recipes/redstone/dispenser": {
    "criteria": {
      "has_bow": "2024-09-23 02:55:24 +0000"
    },
    "done": true
  },
  "ars_nouveau:recipes/building_blocks/smooth_gilded_sourcestone_basketweave_slab": {
    "criteria": {
      "has_journal": "2024-09-23 02:36:58 +0000"
    },
    "done": true
  },
  "securitycraft:recipes/redstone/reinforced_dark_oak_fence_gate": {
    "criteria": {
      "has_stick": "2024-09-23 02:50:05 +0000"
    },
    "done": true
  },
  "minecraft:recipes/building_blocks/cobblestone_slab": {
    "criteria": {
      "has_cobblestone": "2024-09-23 02:51:31 +0000"
    },
    "done": true
  },
  "naturescompass:natures_compass_sapling": {
    "criteria": {
      "has_recipe": "2024-09-23 02:48:25 +0000"
    },
    "done": true
  },
  "storagedrawers:recipes/storagedrawers/cherry_trim": {
    "criteria": {
      "has_planks": "2024-09-23 02:36:58 +0000"
    },
    "done": true
  },
  "ars_nouveau:recipes/misc/mob_jar": {
    "criteria": {
      "has_journal": "2024-09-23 02:36:58 +0000"
    },
    "done": true
  },
  "minecraft:recipes/transportation/acacia_boat": {
    "criteria": {
      "in_water": "2024-09-23 02:52:58 +0000"
    },
    "done": true
  },
  "ars_nouveau:recipes/building_blocks/sourcestone_basketweave_slab": {
    "criteria": {
      "has_journal": "2024-09-23 02:36:58 +0000"
    },
    "done": true
  },
  "minecraft:recipes/misc/iron_ingot_from_blasting_raw_iron": {
    "criteria": {
      "has_raw_iron": "2024-09-23 03:12:34 +0000"
    },
    "done": true
  },
  "spartanweaponry:recipes/wooden_flanged_mace": {
    "criteria": {
      "has_wood": "2024-09-23 02:50:06 +0000"
    },
    "done": true
  },
  "ars_nouveau:recipes/misc/manipulation_essence_to_flourishing_sapling": {
    "criteria": {
      "has_journal": "2024-09-23 02:36:58 +0000"
    },
    "done": true
  },
  "minecraft:recipes/combat/wooden_sword": {
    "criteria": {
      "has_stick": "2024-09-23 02:50:05 +0000"
    },
    "done": true
  },
  "minecraft:recipes/building_blocks/black_concrete_powder": {
    "criteria": {
      "has_gravel": "2024-09-23 02:39:03 +0000"
    },
    "done": true
  },
  "minecraft:recipes/food/cooked_porkchop_from_smoking": {
    "criteria": {
      "has_porkchop": "2024-09-23 02:51:14 +0000"
    },
    "done": true
  },
  "ars_nouveau:recipes/misc/smooth_sourcestone_basketweave_to_sourcestone": {
    "criteria": {
      "has_journal": "2024-09-23 02:36:58 +0000"
    },
    "done": true
  },
  "minecraft:recipes/decorations/cobblestone_wall_from_cobblestone_stonecutting": {
    "criteria": {
      "has_cobblestone": "2024-09-23 02:51:31 +0000"
    },
    "done": true
  },
  "farmersdelight:recipes/food/sweet_berry_cookie": {
    "criteria": {
      "has_sweet_berries": "2024-09-23 02:55:59 +0000"
    },
    "done": true
  },
  "ars_nouveau:recipes/misc/ritual_warping": {
    "criteria": {
      "has_journal": "2024-09-23 02:36:58 +0000"
    },
    "done": true
  },
  "stellarity:cursed_tome/sabrewing": {
    "criteria": {
      "requirement": "2024-09-23 02:55:24 +0000"
    },
    "done": true
  },
  "ars_nouveau:recipes/building_blocks/smooth_sourcestone_large_bricks_slab": {
    "criteria": {
      "has_journal": "2024-09-23 02:36:58 +0000"
    },
    "done": true
  },
  "spartanweaponry:recipes/stone_rapier": {
    "criteria": {
      "has_cobblestone": "2024-09-23 02:51:31 +0000"
    },
    "done": true
  },
  "securitycraft:recipes/misc/reinforced_dark_oak_fence": {
    "criteria": {
      "has_stick": "2024-09-23 02:50:05 +0000"
    },
    "done": true
  },
  "securitycraft:recipes/misc/reinforced_oak_fence": {
    "criteria": {
      "has_stick": "2024-09-23 02:50:05 +0000"
    },
    "done": true
  },
  "minecraft:recipes/building_blocks/cobblestone_stairs": {
    "criteria": {
      "has_cobblestone": "2024-09-23 02:51:31 +0000"
    },
    "done": true
  },
  "ars_nouveau:recipes/misc/arcane_core": {
    "criteria": {
      "has_journal": "2024-09-23 02:36:58 +0000"
    },
    "done": true
  },
  "ars_nouveau:recipes/building_blocks/smooth_sourcestone_mosaic_slab": {
    "criteria": {
      "has_journal": "2024-09-23 02:36:58 +0000"
    },
    "done": true
  },
  "securitycraft:recipes/redstone/reinforced_oak_fence_gate": {
    "criteria": {
      "has_stick": "2024-09-23 02:50:05 +0000"
    },
    "done": true
  },
  "ars_nouveau:recipes/misc/ritual_containment": {
    "criteria": {
      "has_journal": "2024-09-23 02:36:58 +0000"
    },
    "done": true
  },
  "securitycraft:recipes/misc/reinforced_bamboo_fence": {
    "criteria": {
      "has_stick": "2024-09-23 02:50:05 +0000"
    },
    "done": true
  },
  "minecraft:recipes/building_blocks/cyan_concrete_powder": {
    "criteria": {
      "has_gravel": "2024-09-23 02:39:03 +0000"
    },
    "done": true
  },
  "ars_nouveau:recipes/misc/ritual_flowering": {
    "criteria": {
      "has_journal": "2024-09-23 02:36:58 +0000"
    },
    "done": true
  },
  "securitycraft:recipes/misc/reinforced_crimson_fence": {
    "criteria": {
      "has_stick": "2024-09-23 02:50:05 +0000"
    },
    "done": true
  },
  "ars_nouveau:recipes/misc/manipulation_essence_to_tuff": {
    "criteria": {
      "has_journal": "2024-09-23 02:36:58 +0000"
    },
    "done": true
  },
  "ars_nouveau:recipes/misc/purple_archwood_wood": {
    "criteria": {
      "has_journal": "2024-09-23 02:36:58 +0000"
    },
    "done": true
  },
  "minecraft:recipes/transportation/jungle_boat": {
    "criteria": {
      "in_water": "2024-09-23 02:52:58 +0000"
    },
    "done": true
  },
  "ars_nouveau:recipes/misc/sconce": {
    "criteria": {
      "has_journal": "2024-09-23 02:36:58 +0000"
    },
    "done": true
  },
  "storagedrawers:recipes/storagedrawers/gold_storage_upgrade": {
    "criteria": {
      "has_template": "2024-09-23 02:36:58 +0000"
    },
    "done": true
  },
  "ars_nouveau:recipes/misc/smooth_gilded_sourcestone_small_bricks_to_sourcestone": {
    "criteria": {
      "has_journal": "2024-09-23 02:36:58 +0000"
    },
    "done": true
  },
  "minecraft:recipes/redstone/lever": {
    "criteria": {
      "has_cobblestone": "2024-09-23 02:51:31 +0000"
    },
    "done": true
  },
  "farmersdelight:recipes/cooking/dog_food": {
    "criteria": {
      "has_any_ingredient": "2024-09-23 02:55:24 +0000"
    },
    "done": true
  },
  "spartanweaponry:recipes/stone_saber": {
    "criteria": {
      "has_cobblestone": "2024-09-23 02:51:31 +0000"
    },
    "done": true
  },
  "twilightforest:recipes/transportation/mining_boat": {
    "criteria": {
      "in_water": "2024-09-23 02:52:58 +0000"
    },
    "done": true
  },
  "minecraft:recipes/building_blocks/pink_concrete_powder": {
    "criteria": {
      "has_gravel": "2024-09-23 02:39:03 +0000"
    },
    "done": true
  },
  "spartanweaponry:recipes/stone_scythe": {
    "criteria": {
      "has_cobblestone": "2024-09-23 02:51:31 +0000"
    },
    "done": true
  },
  "minecraft:story/obtain_armor": {
    "criteria": {
      "iron_boots": "2024-09-23 03:01:21 +0000"
    },
    "done": true
  },
  "minecraft:recipes/misc/iron_nugget_from_smelting": {
    "criteria": {
      "has_chainmail_helmet": "2024-09-23 02:57:49 +0000"
    },
    "done": true
  },
  "ars_nouveau:recipes/misc/ritual_gravity": {
    "criteria": {
      "has_journal": "2024-09-23 02:36:58 +0000"
    },
    "done": true
  },
  "ars_nouveau:recipes/building_blocks/smooth_sourcestone_basketweave_slab": {
    "criteria": {
      "has_journal": "2024-09-23 02:36:58 +0000"
    },
    "done": true
  },
  "ars_nouveau:recipes/building_blocks/smooth_sourcestone_mosaic_stonecutter_stair": {
    "criteria": {
      "has_journal": "2024-09-23 02:36:58 +0000"
    },
    "done": true
  },
  "occultism:recipes/misc/crafting/raw_silver_block": {
    "criteria": {
      "has_raw_silver": "2024-09-23 03:12:11 +0000"
    },
    "done": true
  },
  "ars_nouveau:recipes/building_blocks/smooth_sourcestone_small_bricks_stone_cutterslab": {
    "criteria": {
      "has_journal": "2024-09-23 02:36:58 +0000"
    },
    "done": true
  },
  "ars_nouveau:recipes/misc/wipe_starby_shard": {
    "criteria": {
      "has_journal": "2024-09-23 02:36:58 +0000"
    },
    "done": true
  },
  "minecraft:recipes/combat/stone_sword": {
    "criteria": {
      "has_cobblestone": "2024-09-23 02:51:31 +0000"
    },
    "done": true
  },
  "minecraft:recipes/decorations/cobblestone_wall": {
    "criteria": {
      "has_cobblestone": "2024-09-23 02:51:31 +0000"
    },
    "done": true
  },
  "sophisticatedstorage:recipes/misc/spruce_chest": {
    "criteria": {
      "has_spruce_plank": "2024-09-23 02:50:06 +0000"
    },
    "done": true
  },
  "ars_nouveau:recipes/misc/sourcestone_basketweave_to_sourcestone": {
    "criteria": {
      "has_journal": "2024-09-23 02:36:58 +0000"
    },
    "done": true
  },
  "minecraft:recipes/tools/stone_axe": {
    "criteria": {
      "has_cobblestone": "2024-09-23 02:51:31 +0000"
    },
    "done": true
  },
  "spartanweaponry:recipes/wooden_lance": {
    "criteria": {
      "has_wood": "2024-09-23 02:50:06 +0000"
    },
    "done": true
  },
  "ars_nouveau:recipes/building_blocks/smooth_sourcestone_basketweave_stonecutter_stair": {
    "criteria": {
      "has_journal": "2024-09-23 02:36:58 +0000"
    },
    "done": true
  },
  "iceandfire:recipes/tools/silver_ingot_from_smelting_raw_silver": {
    "criteria": {
      "has_raw_silver": "2024-09-23 03:12:11 +0000"
    },
    "done": true
  },
  "iceandfire:recipes/building_blocks/dragonforge_lightning_brick": {
    "criteria": {
      "has_item": "2024-09-23 03:01:09 +0000"
    },
    "done": true
  },
  "ars_nouveau:recipes/misc/alchemical_sourcelink": {
    "criteria": {
      "has_journal": "2024-09-23 02:36:58 +0000"
    },
    "done": true
  },
  "ars_nouveau:recipes/misc/source_berry_roll": {
    "criteria": {
      "has_journal": "2024-09-23 02:36:58 +0000"
    },
    "done": true
  },
  "alexsmobs:alexsmobs/root": {
    "criteria": {
      "useitem": "2024-09-23 02:47:06 +0000"
    },
    "done": true
  },
  "spartanweaponry:recipes/wooden_longsword": {
    "criteria": {
      "has_wood": "2024-09-23 02:50:06 +0000"
    },
    "done": true
  },
  "minecraft:recipes/decorations/spruce_sign": {
    "criteria": {
      "has_planks": "2024-09-23 02:50:06 +0000"
    },
    "done": true
  },
  "ars_nouveau:recipes/misc/smooth_sourcestone_alternating_to_sourcestone": {
    "criteria": {
      "has_journal": "2024-09-23 02:36:58 +0000"
    },
    "done": true
  },
  "ars_nouveau:recipes/misc/falseweave": {
    "criteria": {
      "has_journal": "2024-09-23 02:36:58 +0000"
    },
    "done": true
  },
  "ars_nouveau:recipes/misc/scribes_table": {
    "criteria": {
      "has_journal": "2024-09-23 02:36:58 +0000"
    },
    "done": true
  },
  "ars_nouveau:recipes/misc/manipulation_essence_to_calcite": {
    "criteria": {
      "has_journal": "2024-09-23 02:36:58 +0000"
    },
    "done": true
  },
  "ars_nouveau:recipes/building_blocks/sourcestone_large_bricks_slab": {
    "criteria": {
      "has_journal": "2024-09-23 02:36:58 +0000"
    },
    "done": true
  },
  "ars_nouveau:recipes/misc/archwood_trapdoor": {
    "criteria": {
      "has_journal": "2024-09-23 02:36:58 +0000"
    },
    "done": true
  },
  "ars_nouveau:recipes/misc/green_sbed": {
    "criteria": {
      "has_journal": "2024-09-23 02:36:58 +0000"
    },
    "done": true
  },
  "ars_nouveau:recipes/building_blocks/gilded_sourcestone_alternating_slab": {
    "criteria": {
      "has_journal": "2024-09-23 02:36:58 +0000"
    },
    "done": true
  },
  "twilightforest:recipes/transportation/mangrove_boat": {
    "criteria": {
      "in_water": "2024-09-23 02:52:58 +0000"
    },
    "done": true
  },
  "ars_nouveau:recipes/misc/smooth_gilded_sourcestone_basketweave_to_sourcestone": {
    "criteria": {
      "has_journal": "2024-09-23 02:36:58 +0000"
    },
    "done": true
  },
  "ars_nouveau:recipes/misc/horn_to_bonemeal": {
    "criteria": {
      "has_journal": "2024-09-23 02:36:58 +0000"
    },
    "done": true
  },
  "ars_nouveau:recipes/building_blocks/smooth_sourcestone_large_bricks_stonecutter_stair": {
    "criteria": {
      "has_journal": "2024-09-23 02:36:58 +0000"
    },
    "done": true
  },
  "ars_nouveau:recipes/building_blocks/smooth_gilded_sourcestone_alternating_slab": {
    "criteria": {
      "has_journal": "2024-09-23 02:36:58 +0000"
    },
    "done": true
  },
  "ars_nouveau:recipes/misc/worn_notebook": {
    "criteria": {
      "has_journal": "2024-09-23 02:36:58 +0000"
    },
    "done": true
  },
  "ars_nouveau:recipes/misc/potion_jar_empty": {
    "criteria": {
      "has_journal": "2024-09-23 02:36:58 +0000"
    },
    "done": true
  },
  "storagedrawers:recipes/storagedrawers/birch_trim": {
    "criteria": {
      "has_planks": "2024-09-23 02:36:58 +0000"
    },
    "done": true
  },
  "ars_nouveau:recipes/misc/fire_essence_to_magma_block": {
    "criteria": {
      "has_journal": "2024-09-23 02:36:58 +0000"
    },
    "done": true
  },
  "ars_nouveau:recipes/misc/source_gem_block": {
    "criteria": {
      "has_journal": "2024-09-23 02:36:58 +0000"
    },
    "done": true
  },
  "storagedrawers:recipes/storagedrawers/void_upgrade": {
    "criteria": {
      "has_template": "2024-09-23 02:36:58 +0000"
    },
    "done": true
  },
  "minecraft:recipes/building_blocks/white_concrete_powder": {
    "criteria": {
      "has_gravel": "2024-09-23 02:39:03 +0000"
    },
    "done": true
  },
  "securitycraft:recipes/misc/reinforced_warped_fence": {
    "criteria": {
      "has_stick": "2024-09-23 02:50:05 +0000"
    },
    "done": true
  },
  "ars_nouveau:recipes/building_blocks/archwood_pressure_plate": {
    "criteria": {
      "has_journal": "2024-09-23 02:36:58 +0000"
    },
    "done": true
  },
  "occultism:recipes/crushing/crushing/blaze_powder_from_rod": {
    "criteria": {
      "has_blaze_rod": "2024-09-23 03:03:20 +0000"
    },
    "done": true
  },
  "spartanweaponry:recipes/combat/pole_from_wool": {
    "criteria": {
      "has_stick": "2024-09-23 02:50:05 +0000"
    },
    "done": true
  },
  "minecraft:recipes/building_blocks/spruce_wood": {
    "criteria": {
      "has_log": "2024-09-23 02:48:25 +0000"
    },
    "done": true
  },
  "storagedrawers:recipes/storagedrawers/fill_level_upgrade": {
    "criteria": {
      "has_template": "2024-09-23 02:36:58 +0000"
    },
    "done": true
  },
  "ars_nouveau:recipes/misc/archwood_to_chest": {
    "criteria": {
      "has_journal": "2024-09-23 02:36:58 +0000"
    },
    "done": true
  },
  "iceandfire:recipes/misc/earplugs": {
    "criteria": {
      "has_item": "2024-09-23 02:50:06 +0000"
    },
    "done": true
  },
  "ars_nouveau:recipes/misc/rotating_spell_turret": {
    "criteria": {
      "has_journal": "2024-09-23 02:36:58 +0000"
    },
    "done": true
  },
  "minecraft:recipes/transportation/spruce_boat": {
    "criteria": {
      "in_water": "2024-09-23 02:52:58 +0000"
    },
    "done": true
  },
  "securitycraft:recipes/redstone/reinforced_cherry_fence_gate": {
    "criteria": {
      "has_stick": "2024-09-23 02:50:05 +0000"
    },
    "done": true
  },
  "ars_nouveau:recipes/misc/manipulation_essence_to_granite": {
    "criteria": {
      "has_journal": "2024-09-23 02:36:58 +0000"
    },
    "done": true
  },
  "spartanweaponry:recipes/wooden_katana": {
    "criteria": {
      "has_wood": "2024-09-23 02:50:06 +0000"
    },
    "done": true
  },
  "ars_nouveau:recipes/misc/smooth_gilded_sourcestone_alternating_to_sourcestone": {
    "criteria": {
      "has_journal": "2024-09-23 02:36:58 +0000"
    },
    "done": true
  },
  "betterdeserttemples:root": {
    "criteria": {
      "always": "2024-09-23 02:36:58 +0000"
    },
    "done": true
  },
  "ars_nouveau:recipes/misc/manipulation_essence_to_grass_block": {
    "criteria": {
      "has_journal": "2024-09-23 02:36:58 +0000"
    },
    "done": true
  },
  "ars_nouveau:recipes/misc/greater_experience_gem": {
    "criteria": {
      "has_journal": "2024-09-23 02:36:58 +0000"
    },
    "done": true
  },
  "minecraft:recipes/misc/paper": {
    "criteria": {
      "has_reeds": "2024-09-23 02:50:57 +0000"
    },
    "done": true
  },
  "ars_nouveau:recipes/misc/sourceberry_sack_to_bush": {
    "criteria": {
      "has_journal": "2024-09-23 02:36:58 +0000"
    },
    "done": true
  },
  "spartanweaponry:recipes/wooden_battleaxe": {
    "criteria": {
      "has_wood": "2024-09-23 02:50:06 +0000"
    },
    "done": true
  },
  "securitycraft:recipes/redstone/reinforced_dispenser": {
    "criteria": {
      "has_bow": "2024-09-23 02:55:24 +0000"
    },
    "done": true
  },
  "spartanweaponry:recipes/wooden_battle_hammer": {
    "criteria": {
      "has_wood": "2024-09-23 02:50:06 +0000"
    },
    "done": true
  },
  "minecraft:recipes/transportation/mangrove_boat": {
    "criteria": {
      "in_water": "2024-09-23 02:52:58 +0000"
    },
    "done": true
  },
  "ars_nouveau:recipes/building_blocks/smooth_sourcestone_stone_cutterslab": {
    "criteria": {
      "has_journal": "2024-09-23 02:36:58 +0000"
    },
    "done": true
  },
  "ars_nouveau:recipes/building_blocks/gilded_sourcestone_small_bricks_slab": {
    "criteria": {
      "has_journal": "2024-09-23 02:36:58 +0000"
    },
    "done": true
  },
  "ars_nouveau:recipes/misc/archwood_stairs": {
    "criteria": {
      "has_journal": "2024-09-23 02:36:58 +0000"
    },
    "done": true
  },
  "ars_nouveau:recipes/misc/smooth_sourcestone_large_bricks_stairs": {
    "criteria": {
      "has_journal": "2024-09-23 02:36:58 +0000"
    },
    "done": true
  },
  "blue_skies:recipes/building_blocks/coarse_turquoise_dirt": {
    "criteria": {
      "has_item": "2024-09-23 02:39:03 +0000"
    },
    "done": true
  },
  "ars_nouveau:recipes/misc/smooth_gilded_sourcestone_basketweave_stairs": {
    "criteria": {
      "has_journal": "2024-09-23 02:36:58 +0000"
    },
    "done": true
  },
  "spartanweaponry:recipes/stone_lance": {
    "criteria": {
      "has_cobblestone": "2024-09-23 02:51:31 +0000"
    },
    "done": true
  },
  "ars_nouveau:recipes/misc/enchanting_apparatus": {
    "criteria": {
      "has_journal": "2024-09-23 02:36:58 +0000"
    },
    "done": true
  },
  "spartanweaponry:recipes/iron_arrow": {
    "criteria": {
      "has_bow": "2024-09-23 02:55:24 +0000"
    },
    "done": true
  },
  "ars_nouveau:recipes/building_blocks/smooth_sourcestone_alternating_slab": {
    "criteria": {
      "has_journal": "2024-09-23 02:36:58 +0000"
    },
    "done": true
  },
  "spartanweaponry:recipes/combat/handle_from_wool": {
    "criteria": {
      "has_stick": "2024-09-23 02:50:05 +0000"
    },
    "done": true
  },
  "spartanweaponry:recipes/wooden_arrow": {
    "criteria": {
      "has_bow": "2024-09-23 02:55:24 +0000"
    },
    "done": true
  },
  "incendium:technical/using/ragnarok": {
    "criteria": {
      "log_spam_fixer": "2024-09-23 02:36:58 +0000"
    },
    "done": false
  },
  "ars_nouveau:recipes/misc/orange_sbed": {
    "criteria": {
      "has_journal": "2024-09-23 02:36:58 +0000"
    },
    "done": true
  },
  "minecraft:recipes/misc/iron_ingot_from_smelting_raw_iron": {
    "criteria": {
      "has_raw_iron": "2024-09-23 03:12:34 +0000"
    },
    "done": true
  },
  "ars_nouveau:recipes/building_blocks/sourcestone_small_bricks_slab": {
    "criteria": {
      "has_journal": "2024-09-23 02:36:58 +0000"
    },
    "done": true
  },
  "twilightforest:recipes/transportation/canopy_boat": {
    "criteria": {
      "in_water": "2024-09-23 02:52:58 +0000"
    },
    "done": true
  },
  "ars_nouveau:recipes/misc/mycelial_sourcelink": {
    "criteria": {
      "has_journal": "2024-09-23 02:36:58 +0000"
    },
    "done": true
  },
  "minecraft:recipes/building_blocks/stone_brick_slab_from_stone_bricks_stonecutting": {
    "criteria": {
      "has_stone_bricks": "2024-09-23 03:01:09 +0000"
    },
    "done": true
  },
  "minecraft:recipes/tools/flint_and_steel": {
    "criteria": {
      "has_flint": "2024-09-23 02:38:56 +0000"
    },
    "done": true
  },
  "minecraft:recipes/misc/sugar_from_sugar_cane": {
    "criteria": {
      "has_sugar_cane": "2024-09-23 02:50:57 +0000"
    },
    "done": true
  },
  "ars_nouveau:recipes/misc/water_essence_to_bucket": {
    "criteria": {
      "has_journal": "2024-09-23 02:36:58 +0000"
    },
    "done": true
  },
  "spartanweaponry:recipes/wooden_dagger": {
    "criteria": {
      "has_wood": "2024-09-23 02:50:06 +0000"
    },
    "done": true
  },
  "dungeons_arise:find_bathhouse": {
    "criteria": {
      "location0": "2024-09-23 02:40:57 +0000"
    },
    "done": true
  },
  "minecraft:recipes/tools/wooden_pickaxe": {
    "criteria": {
      "has_stick": "2024-09-23 02:50:05 +0000"
    },
    "done": true
  },
  "ars_nouveau:recipes/decorations/sourcestone_6": {
    "criteria": {
      "has_journal": "2024-09-23 02:36:58 +0000"
    },
    "done": true
  },
  "ars_nouveau:recipes/decorations/sourcestone_5": {
    "criteria": {
      "has_journal": "2024-09-23 02:36:58 +0000"
    },
    "done": true
  },
  "ars_nouveau:recipes/decorations/sourcestone_8": {
    "criteria": {
      "has_journal": "2024-09-23 02:36:58 +0000"
    },
    "done": true
  },
  "ars_nouveau:recipes/decorations/sourcestone_7": {
    "criteria": {
      "has_journal": "2024-09-23 02:36:58 +0000"
    },
    "done": true
  },
  "ars_nouveau:recipes/decorations/sourcestone_9": {
    "criteria": {
      "has_journal": "2024-09-23 02:36:58 +0000"
    },
    "done": true
  },
  "ars_nouveau:recipes/decorations/sourcestone_2": {
    "criteria": {
      "has_journal": "2024-09-23 02:36:58 +0000"
    },
    "done": true
  },
  "ars_nouveau:recipes/decorations/sourcestone_1": {
    "criteria": {
      "has_journal": "2024-09-23 02:36:58 +0000"
    },
    "done": true
  },
  "ars_nouveau:recipes/decorations/sourcestone_4": {
    "criteria": {
      "has_journal": "2024-09-23 02:36:58 +0000"
    },
    "done": true
  },
  "ars_nouveau:recipes/decorations/sourcestone_3": {
    "criteria": {
      "has_journal": "2024-09-23 02:36:58 +0000"
    },
    "done": true
  },
  "minecraft:story/upgrade_tools": {
    "criteria": {
      "stone_pickaxe": "2024-09-23 02:52:12 +0000"
    },
    "done": true
  },
  "ars_nouveau:recipes/misc/sourcestone_sconce": {
    "criteria": {
      "has_journal": "2024-09-23 02:36:58 +0000"
    },
    "done": true
  },
  "storagedrawers:recipes/storagedrawers/oak_trim": {
    "criteria": {
      "has_planks": "2024-09-23 02:36:58 +0000"
    },
    "done": true
  },
  "ars_nouveau:recipes/misc/ring_of_potential": {
    "criteria": {
      "has_journal": "2024-09-23 02:36:58 +0000"
    },
    "done": true
  },
  "securitycraft:recipes/redstone/reinforced_mangrove_fence_gate": {
    "criteria": {
      "has_stick": "2024-09-23 02:50:05 +0000"
    },
    "done": true
  },
  "ars_nouveau:recipes/misc/magebloom_fiber": {
    "criteria": {
      "has_journal": "2024-09-23 02:36:58 +0000"
    },
    "done": true
  },
  "ironfurnaces:coal": {
    "criteria": {
      "rainbowcoal": "2024-09-23 02:36:58 +0000"
    },
    "done": true
  },
  "storagedrawers:recipes/storagedrawers/emerald_storage_upgrade": {
    "criteria": {
      "has_template": "2024-09-23 02:36:58 +0000"
    },
    "done": true
  },
  "minecraft:recipes/redstone/spruce_trapdoor": {
    "criteria": {
      "has_planks": "2024-09-23 02:50:06 +0000"
    },
    "done": true
  },
  "storagedrawers:recipes/storagedrawers/obsidian_storage_upgrade": {
    "criteria": {
      "has_template": "2024-09-23 02:36:58 +0000"
    },
    "done": true
  },
  "ars_nouveau:recipes/misc/smooth_gilded_sourcestone_alternating_stairs": {
    "criteria": {
      "has_journal": "2024-09-23 02:36:58 +0000"
    },
    "done": true
  },
  "ars_elemental:recipes/misc/tablet_ritual_tesla_coil": {
    "criteria": {
      "has_journal": "2024-09-23 02:36:58 +0000"
    },
    "done": true
  },
  "minecraft:recipes/building_blocks/yellow_concrete_powder": {
    "criteria": {
      "has_gravel": "2024-09-23 02:39:03 +0000"
    },
    "done": true
  },
  "blue_skies:recipes/building_blocks/coarse_lunar_dirt": {
    "criteria": {
      "has_item": "2024-09-23 02:39:03 +0000"
    },
    "done": true
  },
  "ars_nouveau:recipes/misc/ritual_conjure_island_plains": {
    "criteria": {
      "has_journal": "2024-09-23 02:36:58 +0000"
    },
    "done": true
  },
  "farmersdelight:recipes/building_blocks/organic_compost_from_rotten_flesh": {
    "criteria": {
      "has_rotten_flesh": "2024-09-23 02:55:24 +0000"
    },
    "done": true
  },
  "storagedrawers:recipes/storagedrawers/iron_storage_upgrade": {
    "criteria": {
      "has_template": "2024-09-23 02:36:58 +0000"
    },
    "done": true
  },
  "spartanweaponry:recipes/combat/pole_from_string": {
    "criteria": {
      "has_stick": "2024-09-23 02:50:05 +0000"
    },
    "done": true
  },
  "ars_nouveau:recipes/misc/sourcestone_mosaic_to_sourcestone": {
    "criteria": {
      "has_journal": "2024-09-23 02:36:58 +0000"
    },
    "done": true
  },
  "ars_nouveau:recipes/misc/gilded_sourcestone_basketweave_stairs": {
    "criteria": {
      "has_journal": "2024-09-23 02:36:58 +0000"
    },
    "done": true
  },
  "ars_nouveau:recipes/misc/ritual_challenge": {
    "criteria": {
      "has_journal": "2024-09-23 02:36:58 +0000"
    },
    "done": true
  },
  "minecraft:adventure/kill_a_mob": {
    "criteria": {
      "minecraft:spider": "2024-09-23 03:12:07 +0000"
    },
    "done": true
  },
  "ars_nouveau:recipes/misc/gilded_sourcestone_alternating_to_sourcestone": {
    "criteria": {
      "has_journal": "2024-09-23 02:36:58 +0000"
    },
    "done": true
  },
  "spartanweaponry:recipes/wooden_tomahawk": {
    "criteria": {
      "has_wood": "2024-09-23 02:50:06 +0000"
    },
    "done": true
  },
  "ars_nouveau:recipes/misc/alteration_table": {
    "criteria": {
      "has_journal": "2024-09-23 02:36:58 +0000"
    },
    "done": true
  },
  "ars_nouveau:recipes/misc/experience_gem": {
    "criteria": {
      "has_journal": "2024-09-23 02:36:58 +0000"
    },
    "done": true
  },
  "ars_nouveau:recipes/misc/conjuration_essence_to_end_stone": {
    "criteria": {
      "has_journal": "2024-09-23 02:36:58 +0000"
    },
    "done": true
  },
  "ars_nouveau:recipes/misc/yellow_sbed": {
    "criteria": {
      "has_journal": "2024-09-23 02:36:58 +0000"
    },
    "done": true
  },
  "minecraft:husbandry/balanced_diet": {
    "criteria": {
      "sweet_berries": "2024-09-23 02:58:07 +0000",
      "porkchop": "2024-09-23 02:52:53 +0000",
      "apple": "2024-09-23 03:20:17 +0000"
    },
    "done": false
  },
  "ars_elemental:recipes/misc/spore_blossom_up": {
    "criteria": {
      "has_journal": "2024-09-23 02:36:58 +0000"
    },
    "done": true
  },
  "twilightforest:recipes/transportation/sorting_boat": {
    "criteria": {
      "in_water": "2024-09-23 02:52:58 +0000"
    },
    "done": true
  },
  "ars_nouveau:recipes/misc/ritual_conjure_island_desert": {
    "criteria": {
      "has_journal": "2024-09-23 02:36:58 +0000"
    },
    "done": true
  },
  "ars_nouveau:recipes/misc/magebloom_block_to_magebloom": {
    "criteria": {
      "has_journal": "2024-09-23 02:36:58 +0000"
    },
    "done": true
  },
  "minecraft:recipes/brewing/brewing_stand": {
    "criteria": {
      "has_blaze_rod": "2024-09-23 03:03:20 +0000"
    },
    "done": true
  },
  "ars_nouveau:recipes/building_blocks/sourcestone_mosaic_slab": {
    "criteria": {
      "has_journal": "2024-09-23 02:36:58 +0000"
    },
    "done": true
  },
  "ars_nouveau:recipes/misc/sourcestone_large_bricks_stairs": {
    "criteria": {
      "has_journal": "2024-09-23 02:36:58 +0000"
    },
    "done": true
  },
  "minecraft:recipes/transportation/dark_oak_boat": {
    "criteria": {
      "in_water": "2024-09-23 02:52:58 +0000"
    },
    "done": true
  },
  "sophisticatedbackpacks:recipes/misc/iron_backpack": {
    "criteria": {
      "has_backpack": "2024-09-23 02:57:49 +0000"
    },
    "done": true
  },
  "ars_nouveau:recipes/misc/dull_trinket": {
    "criteria": {
      "has_journal": "2024-09-23 02:36:58 +0000"
    },
    "done": true
  },
  "spartanweaponry:recipes/wooden_scythe": {
    "criteria": {
      "has_wood": "2024-09-23 02:50:06 +0000"
    },
    "done": true
  },
  "securitycraft:recipes/redstone/reinforced_crimson_fence_gate": {
    "criteria": {
      "has_stick": "2024-09-23 02:50:05 +0000"
    },
    "done": true
  },
  "botania:recipes/decorations/fel_pumpkin": {
    "criteria": {
      "has_item": "2024-09-23 03:08:56 +0000"
    },
    "done": true
  },
  "securitycraft:recipes/misc/motion_activated_light": {
    "criteria": {
      "has_stick": "2024-09-23 02:50:05 +0000"
    },
    "done": true
  },
  "ars_nouveau:recipes/misc/spike_to_dye": {
    "criteria": {
      "has_journal": "2024-09-23 02:36:58 +0000"
    },
    "done": true
  },
  "minecraft:recipes/decorations/fletching_table": {
    "criteria": {
      "has_flint": "2024-09-23 02:38:56 +0000"
    },
    "done": true
  },
  "ars_nouveau:recipes/misc/rotating_turret_to_basic_spell_turret": {
    "criteria": {
      "has_journal": "2024-09-23 02:36:58 +0000"
    },
    "done": true
  },
  "ars_nouveau:recipes/misc/ritual_moonfall": {
    "criteria": {
      "has_journal": "2024-09-23 02:36:58 +0000"
    },
    "done": true
  },
  "ars_nouveau:recipes/misc/polished_sconce": {
    "criteria": {
      "has_journal": "2024-09-23 02:36:58 +0000"
    },
    "done": true
  },
  "farmersdelight:recipes/cooking/stuffed_pumpkin_block": {
    "criteria": {
      "has_pumpkin": "2024-09-23 03:08:56 +0000"
    },
    "done": true
  },
  "ars_nouveau:recipes/building_blocks/sourcestone_small_bricks_stonecutter_stair": {
    "criteria": {
      "has_journal": "2024-09-23 02:36:58 +0000"
    },
    "done": true
  },
  "ars_nouveau:recipes/misc/magelight_torch": {
    "criteria": {
      "has_journal": "2024-09-23 02:36:58 +0000"
    },
    "done": true
  },
  "minecraft:recipes/building_blocks/red_concrete_powder": {
    "criteria": {
      "has_gravel": "2024-09-23 02:39:03 +0000"
    },
    "done": true
  },
  "ars_nouveau:recipes/misc/platform_to_pedestal": {
    "criteria": {
      "has_journal": "2024-09-23 02:36:58 +0000"
    },
    "done": true
  },
  "ars_nouveau:recipes/building_blocks/gilded_sourcestone_large_bricks_slab": {
    "criteria": {
      "has_journal": "2024-09-23 02:36:58 +0000"
    },
    "done": true
  },
  "occultism:recipes/crushing/crushing/copper_dust_from_raw": {
    "criteria": {
      "has_raw_copper": "2024-09-23 03:16:19 +0000"
    },
    "done": true
  },
  "ars_nouveau:recipes/building_blocks/smooth_gilded_sourcestone_small_bricks_stonecutter_stair": {
    "criteria": {
      "has_journal": "2024-09-23 02:36:58 +0000"
    },
    "done": true
  },
  "ars_nouveau:recipes/misc/imbuement_chamber": {
    "criteria": {
      "has_journal": "2024-09-23 02:36:58 +0000"
    },
    "done": true
  },
  "spartanweaponry:recipes/stone_katana": {
    "criteria": {
      "has_cobblestone": "2024-09-23 02:51:31 +0000"
    },
    "done": true
  },
  "tombstone:recipes/from_grave_key": {
    "criteria": {
      "has_ingredient": "2024-09-23 02:56:22 +0000"
    },
    "done": true
  },
  "ars_elemental:recipes/misc/yellow_archwood": {
    "criteria": {
      "has_journal": "2024-09-23 02:36:58 +0000"
    },
    "done": true
  },
  "spartanweaponry:recipes/wooden_spear": {
    "criteria": {
      "has_wood": "2024-09-23 02:50:06 +0000"
    },
    "done": true
  },
  "ars_nouveau:recipes/building_blocks/archwood_slab": {
    "criteria": {
      "has_journal": "2024-09-23 02:36:58 +0000"
    },
    "done": true
  },
  "spartanweaponry:recipes/grease_ball": {
    "criteria": {
      "has_meat": "2024-09-23 02:51:14 +0000"
    },
    "done": true
  },
  "minecraft:story/mine_stone": {
    "criteria": {
      "get_stone": "2024-09-23 02:51:31 +0000"
    },
    "done": true
  },
  "minecraft:recipes/decorations/furnace": {
    "criteria": {
      "has_cobblestone": "2024-09-23 02:51:31 +0000"
    },
    "done": true
  },
  "ars_nouveau:recipes/misc/ritual_binding": {
    "criteria": {
      "has_journal": "2024-09-23 02:36:58 +0000"
    },
    "done": true
  },
  "ars_nouveau:root": {
    "criteria": {
      "ars_nouveau:worn_notebook": "2024-09-23 02:36:58 +0000"
    },
    "done": true
  },
  "minecraft:recipes/building_blocks/green_concrete_powder": {
    "criteria": {
      "has_gravel": "2024-09-23 02:39:03 +0000"
    },
    "done": true
  },
  "spartanweaponry:recipes/stone_throwing_knife": {
    "criteria": {
      "has_cobblestone": "2024-09-23 02:51:31 +0000"
    },
    "done": true
  },
  "storagedrawers:recipes/storagedrawers/diamond_storage_upgrade": {
    "criteria": {
      "has_template": "2024-09-23 02:36:58 +0000"
    },
    "done": true
  },
  "minecraft:recipes/building_blocks/stone_brick_stairs": {
    "criteria": {
      "has_stone_bricks": "2024-09-23 03:01:09 +0000"
    },
    "done": true
  },
  "ars_nouveau:recipes/misc/wing_to_leather": {
    "criteria": {
      "has_journal": "2024-09-23 02:36:58 +0000"
    },
    "done": true
  },
  "ars_nouveau:recipes/misc/runic_chalk": {
    "criteria": {
      "has_journal": "2024-09-23 02:36:58 +0000"
    },
    "done": true
  },
  "ars_nouveau:recipes/building_blocks/gilded_sourcestone_basketweave_stone_cutterslab": {
    "criteria": {
      "has_journal": "2024-09-23 02:36:58 +0000"
    },
    "done": true
  },
  "minecraft:recipes/building_blocks/blue_concrete_powder": {
    "criteria": {
      "has_gravel": "2024-09-23 02:39:03 +0000"
    },
    "done": true
  },
  "securitycraft:recipes/redstone/reinforced_spruce_fence_gate": {
    "criteria": {
      "has_stick": "2024-09-23 02:50:05 +0000"
    },
    "done": true
  },
  "morebows:recipes/stone_bow": {
    "criteria": {
      "has_bow": "2024-09-23 02:55:24 +0000"
    },
    "done": true
  },
  "ars_nouveau:recipes/misc/blue_sbed": {
    "criteria": {
      "has_journal": "2024-09-23 02:36:58 +0000"
    },
    "done": true
  },
  "repurposed_structures:root": {
    "criteria": {
      "always": "2024-09-23 02:36:58 +0000"
    },
    "done": true
  },
  "naturescompass:natures_compass": {
    "criteria": {
      "has_recipe": "2024-09-23 02:48:25 +0000"
    },
    "done": true
  },
  "securitycraft:recipes/building_blocks/reinforced_andesite_with_vanilla_diorite": {
    "criteria": {
      "has_cobblestone": "2024-09-23 02:51:31 +0000"
    },
    "done": true
  },
  "ars_nouveau:recipes/misc/ritual_restoration": {
    "criteria": {
      "has_journal": "2024-09-23 02:36:58 +0000"
    },
    "done": true
  },
  "ars_nouveau:recipes/misc/sourcestone": {
    "criteria": {
      "has_journal": "2024-09-23 02:36:58 +0000"
    },
    "done": true
  },
  "spartanweaponry:recipes/combat/pole_from_leather": {
    "criteria": {
      "has_stick": "2024-09-23 02:50:05 +0000"
    },
    "done": true
  },
  "ars_nouveau:recipes/misc/smooth_sourcestone_to_sourcestone": {
    "criteria": {
      "has_journal": "2024-09-23 02:36:58 +0000"
    },
    "done": true
  },
  "ars_nouveau:recipes/decorations/sourcestone_19": {
    "criteria": {
      "has_journal": "2024-09-23 02:36:58 +0000"
    },
    "done": true
  },
  "ars_nouveau:recipes/decorations/sourcestone_18": {
    "criteria": {
      "has_journal": "2024-09-23 02:36:58 +0000"
    },
    "done": true
  },
  "ars_nouveau:recipes/decorations/sourcestone_11": {
    "criteria": {
      "has_journal": "2024-09-23 02:36:58 +0000"
    },
    "done": true
  },
  "ars_nouveau:recipes/decorations/sourcestone_10": {
    "criteria": {
      "has_journal": "2024-09-23 02:36:58 +0000"
    },
    "done": true
  },
  "ars_nouveau:recipes/decorations/sourcestone_13": {
    "criteria": {
      "has_journal": "2024-09-23 02:36:58 +0000"
    },
    "done": true
  },
  "ars_nouveau:recipes/decorations/sourcestone_12": {
    "criteria": {
      "has_journal": "2024-09-23 02:36:58 +0000"
    },
    "done": true
  },
  "ars_nouveau:recipes/decorations/sourcestone_15": {
    "criteria": {
      "has_journal": "2024-09-23 02:36:58 +0000"
    },
    "done": true
  },
  "ars_nouveau:recipes/decorations/sourcestone_14": {
    "criteria": {
      "has_journal": "2024-09-23 02:36:58 +0000"
    },
    "done": true
  },
  "ars_nouveau:recipes/decorations/sourcestone_17": {
    "criteria": {
      "has_journal": "2024-09-23 02:36:58 +0000"
    },
    "done": true
  },
  "ars_nouveau:recipes/decorations/sourcestone_16": {
    "criteria": {
      "has_journal": "2024-09-23 02:36:58 +0000"
    },
    "done": true
  },
  "ars_nouveau:recipes/misc/smooth_gilded_sourcestone_large_bricks_stairs": {
    "criteria": {
      "has_journal": "2024-09-23 02:36:58 +0000"
    },
    "done": true
  },
  "ars_nouveau:recipes/misc/ritual_sanctuary": {
    "criteria": {
      "has_journal": "2024-09-23 02:36:58 +0000"
    },
    "done": true
  },
  "minecraft:recipes/building_blocks/cobblestone_slab_from_cobblestone_stonecutting": {
    "criteria": {
      "has_cobblestone": "2024-09-23 02:51:31 +0000"
    },
    "done": true
  },
  "ars_nouveau:recipes/building_blocks/archwood_button": {
    "criteria": {
      "has_journal": "2024-09-23 02:36:58 +0000"
    },
    "done": true
  },
  "minecraft:adventure/kill_all_mobs": {
    "criteria": {
      "minecraft:spider": "2024-09-23 03:12:07 +0000",
      "minecraft:zombie": "2024-09-23 03:15:21 +0000"
    },
    "done": false
  },
  "ars_nouveau:recipes/misc/archwood_chest": {
    "criteria": {
      "has_journal": "2024-09-23 02:36:58 +0000"
    },
    "done": true
  },
  "ars_nouveau:recipes/building_blocks/smooth_sourcestone_stonecutter_stair": {
    "criteria": {
      "has_journal": "2024-09-23 02:36:58 +0000"
    },
    "done": true
  },
  "ars_nouveau:recipes/building_blocks/smooth_sourcestone_basketweave_stone_cutterslab": {
    "criteria": {
      "has_journal": "2024-09-23 02:36:58 +0000"
    },
    "done": true
  },
  "mowziesmobs:root": {
    "criteria": {
      "custom_test_name": "2024-09-23 02:36:58 +0000"
    },
    "done": true
  },
  "ars_nouveau:recipes/building_blocks/smooth_gilded_sourcestone_alternating_stone_cutterslab": {
    "criteria": {
      "has_journal": "2024-09-23 02:36:58 +0000"
    },
    "done": true
  },
  "ars_nouveau:recipes/decorations/sourcestone_20": {
    "criteria": {
      "has_journal": "2024-09-23 02:36:58 +0000"
    },
    "done": true
  },
  "ars_nouveau:recipes/misc/gilded_sourcestone_mosaic_to_sourcestone": {
    "criteria": {
      "has_journal": "2024-09-23 02:36:58 +0000"
    },
    "done": true
  },
  "minecraft:recipes/building_blocks/stone": {
    "criteria": {
      "has_cobblestone": "2024-09-23 02:51:31 +0000"
    },
    "done": true
  },
  "ars_nouveau:recipes/decorations/sourcestone_21": {
    "criteria": {
      "has_journal": "2024-09-23 02:36:58 +0000"
    },
    "done": true
  },
  "minecraft:recipes/transportation/bamboo_raft": {
    "criteria": {
      "in_water": "2024-09-23 02:52:58 +0000"
    },
    "done": true
  },
  "ars_nouveau:recipes/misc/annotated_codex": {
    "criteria": {
      "has_journal": "2024-09-23 02:36:58 +0000"
    },
    "done": true
  },
  "ars_nouveau:recipes/misc/volcanic_sourcelink": {
    "criteria": {
      "has_journal": "2024-09-23 02:36:58 +0000"
    },
    "done": true
  },
  "ars_nouveau:recipes/misc/sourceberry_to_purple": {
    "criteria": {
      "has_journal": "2024-09-23 02:36:58 +0000"
    },
    "done": true
  },
  "ars_nouveau:recipes/building_blocks/gilded_sourcestone_alternating_stonecutter_stair": {
    "criteria": {
      "has_journal": "2024-09-23 02:36:58 +0000"
    },
    "done": true
  },
  "tombstone:adventure/cancel_ghostly_shape": {
    "criteria": {
      "coded_trigger": "2024-09-23 03:07:23 +0000"
    },
    "done": true
  },
  "ars_nouveau:recipes/misc/source_gem_block_2": {
    "criteria": {
      "has_journal": "2024-09-23 02:36:58 +0000"
    },
    "done": true
  },
  "stellarity:dragons_den/cursed_tome/items/unlock_sabrewing": {
    "criteria": {
      "requirement": "2024-09-23 02:55:24 +0000"
    },
    "done": true
  },
  "ars_nouveau:recipes/building_blocks/gilded_sourcestone_large_bricks_stone_cutterslab": {
    "criteria": {
      "has_journal": "2024-09-23 02:36:58 +0000"
    },
    "done": true
  },
  "spartanweaponry:recipes/netherite_arrow": {
    "criteria": {
      "has_bow": "2024-09-23 02:55:24 +0000"
    },
    "done": true
  },
  "ars_nouveau:recipes/misc/arcane_platform": {
    "criteria": {
      "has_journal": "2024-09-23 02:36:58 +0000"
    },
    "done": true
  },
  "ars_elemental:recipes/redstone/advanced_prism": {
    "criteria": {
      "has_journal": "2024-09-23 02:36:58 +0000"
    },
    "done": true
  },
  "minecraft:recipes/decorations/spruce_fence": {
    "criteria": {
      "has_planks": "2024-09-23 02:50:06 +0000"
    },
    "done": true
  },
  "securitycraft:recipes/misc/reinforced_acacia_fence": {
    "criteria": {
      "has_stick": "2024-09-23 02:50:05 +0000"
    },
    "done": true
  },
  "ars_nouveau:recipes/building_blocks/archwood_door": {
    "criteria": {
      "has_journal": "2024-09-23 02:36:58 +0000"
    },
    "done": true
  },
  "ars_nouveau:recipes/misc/vitalic_sourcelink": {
    "criteria": {
      "has_journal": "2024-09-23 02:36:58 +0000"
    },
    "done": true
  },
  "storagedrawers:recipes/storagedrawers/crimson_trim": {
    "criteria": {
      "has_planks": "2024-09-23 02:36:58 +0000"
    },
    "done": true
  },
  "incendium:technical/new_player": {
    "criteria": {
      "requirement": "2024-09-23 02:36:58 +0000"
    },
    "done": true
  },
  "ars_nouveau:recipes/misc/manipulation_essence_to_moss_block": {
    "criteria": {
      "has_journal": "2024-09-23 02:36:58 +0000"
    },
    "done": true
  },
  "ars_nouveau:recipes/misc/smooth_sourcestone_alternating_stairs": {
    "criteria": {
      "has_journal": "2024-09-23 02:36:58 +0000"
    },
    "done": true
  },
  "ironchest:recipes/decorations/chests/vanilla_dirt_chest": {
    "criteria": {
      "has_iron_ingot": "2024-09-23 02:54:30 +0000"
    },
    "done": true
  },
  "stellarity:dragons_den/cursed_tome/root": {
    "criteria": {
      "requirement": "2024-09-23 02:36:58 +0000"
    },
    "done": true
  },
  "minecraft:recipes/building_blocks/orange_concrete_powder": {
    "criteria": {
      "has_gravel": "2024-09-23 02:39:03 +0000"
    },
    "done": true
  },
  "spartanweaponry:recipes/combat/handle_from_leather": {
    "criteria": {
      "has_stick": "2024-09-23 02:50:05 +0000"
    },
    "done": true
  },
  "minecraft:recipes/building_blocks/raw_copper_block": {
    "criteria": {
      "has_raw_copper": "2024-09-23 03:16:19 +0000"
    },
    "done": true
  },
  "ars_nouveau:recipes/misc/sourcestone_alternating_stairs": {
    "criteria": {
      "has_journal": "2024-09-23 02:36:58 +0000"
    },
    "done": true
  },
  "ars_nouveau:recipes/misc/conjuration_essence_to_soul_sand": {
    "criteria": {
      "has_journal": "2024-09-23 02:36:58 +0000"
    },
    "done": true
  },
  "ars_nouveau:recipes/misc/manipulation_essence_to_deepslate": {
    "criteria": {
      "has_journal": "2024-09-23 02:36:58 +0000"
    },
    "done": true
  },
  "spartanweaponry:recipes/wooden_warhammer": {
    "criteria": {
      "has_wood": "2024-09-23 02:50:06 +0000"
    },
    "done": true
  },
  "spartanweaponry:recipes/stone_tomahawk": {
    "criteria": {
      "has_cobblestone": "2024-09-23 02:51:31 +0000"
    },
    "done": true
  },
  "minecraft:recipes/redstone/spruce_pressure_plate": {
    "criteria": {
      "has_planks": "2024-09-23 02:50:06 +0000"
    },
    "done": true
  },
  "minecraft:recipes/tools/stone_pickaxe": {
    "criteria": {
      "has_cobblestone": "2024-09-23 02:51:31 +0000"
    },
    "done": true
  },
  "stellarity:events/on_death": {
    "criteria": {
      "requirement": "2024-09-23 02:56:19 +0000"
    },
    "done": true
  },
  "dungeons_arise:wda_root": {
    "criteria": {
      "WDA": "2024-09-23 02:36:58 +0000"
    },
    "done": true
  },
  "ars_nouveau:recipes/building_blocks/gilded_sourcestone_large_bricks_stonecutter_stair": {
    "criteria": {
      "has_journal": "2024-09-23 02:36:58 +0000"
    },
    "done": true
  },
  "apotheosis:affix/rare": {
    "criteria": {
      "sword": "2024-09-23 03:01:21 +0000"
    },
    "done": true
  },
  "minecraft:recipes/tools/wooden_hoe": {
    "criteria": {
      "has_stick": "2024-09-23 02:50:05 +0000"
    },
    "done": true
  },
  "minecraft:recipes/misc/charcoal": {
    "criteria": {
      "has_log": "2024-09-23 02:48:25 +0000"
    },
    "done": true
  },
  "ars_nouveau:recipes/misc/magebloom_block": {
    "criteria": {
      "has_journal": "2024-09-23 02:36:58 +0000"
    },
    "done": true
  },
  "minecraft:recipes/building_blocks/stone_brick_slab": {
    "criteria": {
      "has_stone_bricks": "2024-09-23 03:01:09 +0000"
    },
    "done": true
  },
  "ars_nouveau:recipes/misc/smooth_sourcestone_mosaic_to_sourcestone": {
    "criteria": {
      "has_journal": "2024-09-23 02:36:58 +0000"
    },
    "done": true
  },
  "securitycraft:recipes/misc/sonic_security_system": {
    "criteria": {
      "has_stick": "2024-09-23 02:50:05 +0000"
    },
    "done": true
  },
  "naturescompass:natures_compass_log": {
    "criteria": {
      "has_log": "2024-09-23 02:48:25 +0000"
    },
    "done": true
  },
  "spartanweaponry:recipes/wooden_parrying_dagger": {
    "criteria": {
      "has_wood": "2024-09-23 02:50:06 +0000"
    },
    "done": true
  },
  "occultism:recipes/crushing/crushing/iron_dust_from_raw": {
    "criteria": {
      "has_raw_iron": "2024-09-23 03:12:34 +0000"
    },
    "done": true
  },
  "spartanweaponry:recipes/wooden_rapier": {
    "criteria": {
      "has_wood": "2024-09-23 02:50:06 +0000"
    },
    "done": true
  },
  "ars_nouveau:recipes/misc/red_archwood_wood": {
    "criteria": {
      "has_journal": "2024-09-23 02:36:58 +0000"
    },
    "done": true
  },
  "mcwfurnitures:recipes/spruce": {
    "criteria": {
      "has_wood": "2024-09-23 02:48:25 +0000"
    },
    "done": true
  },
  "ars_nouveau:recipes/building_blocks/smooth_gilded_sourcestone_mosaic_slab": {
    "criteria": {
      "has_journal": "2024-09-23 02:36:58 +0000"
    },
    "done": true
  },
  "ars_nouveau:recipes/misc/ritual_awakening": {
    "criteria": {
      "has_journal": "2024-09-23 02:36:58 +0000"
    },
    "done": true
  },
  "apotheosis:affix/gem": {
    "criteria": {
      "gem": "2024-09-23 03:01:24 +0000"
    },
    "done": true
  },
  "inventorypets:root": {
    "criteria": {
      "auto": "2024-09-23 02:36:58 +0000"
    },
    "done": true
  },
  "minecraft:story/form_obsidian": {
    "criteria": {
      "obsidian": "2024-09-23 03:03:11 +0000"
    },
    "done": true
  },
  "ars_nouveau:recipes/misc/mimic_scroll": {
    "criteria": {
      "has_journal": "2024-09-23 02:36:58 +0000"
    },
    "done": true
  },
  "spartanweaponry:recipes/wooden_boomerang": {
    "criteria": {
      "has_wood": "2024-09-23 02:50:06 +0000"
    },
    "done": true
  },
  "storagedrawers:recipes/storagedrawers/drawer_key": {
    "criteria": {
      "has_template": "2024-09-23 02:36:58 +0000"
    },
    "done": true
  },
  "ars_nouveau:recipes/misc/red_sbed": {
    "criteria": {
      "has_journal": "2024-09-23 02:36:58 +0000"
    },
    "done": true
  },
  "ars_nouveau:recipes/misc/redstone_relay": {
    "criteria": {
      "has_journal": "2024-09-23 02:36:58 +0000"
    },
    "done": true
  },
  "ars_nouveau:recipes/misc/source_jar": {
    "criteria": {
      "has_journal": "2024-09-23 02:36:58 +0000"
    },
    "done": true
  },
  "spartanweaponry:recipes/stone_spear": {
    "criteria": {
      "has_cobblestone": "2024-09-23 02:51:31 +0000"
    },
    "done": true
  },
  "minecraft:recipes/tools/wooden_shovel": {
    "criteria": {
      "has_stick": "2024-09-23 02:50:05 +0000"
    },
    "done": true
  },
  "ars_nouveau:recipes/building_blocks/smooth_sourcestone_alternating_stonecutter_stair": {
    "criteria": {
      "has_journal": "2024-09-23 02:36:58 +0000"
    },
    "done": true
  },
  "ars_nouveau:recipes/misc/mundane_belt": {
    "criteria": {
      "has_journal": "2024-09-23 02:36:58 +0000"
    },
    "done": true
  },
  "ars_nouveau:recipes/building_blocks/smooth_gilded_sourcestone_small_bricks_stone_cutterslab": {
    "criteria": {
      "has_journal": "2024-09-23 02:36:58 +0000"
    },
    "done": true
  },
  "ars_nouveau:recipes/building_blocks/smooth_sourcestone_large_bricks_stone_cutterslab": {
    "criteria": {
      "has_journal": "2024-09-23 02:36:58 +0000"
    },
    "done": true
  },
  "storagedrawers:recipes/storagedrawers/min_redstone_upgrade": {
    "criteria": {
      "has_template": "2024-09-23 02:36:58 +0000"
    },
    "done": true
  },
  "minecraft:adventure/root": {
    "criteria": {
      "killed_something": "2024-09-23 02:51:13 +0000"
    },
    "done": true
  },
  "ars_nouveau:recipes/misc/challenge_2": {
    "criteria": {
      "has_journal": "2024-09-23 02:36:58 +0000"
    },
    "done": true
  },
  "apotheosis:affix/rare_gem": {
    "criteria": {
      "gem": "2024-09-23 03:02:34 +0000"
    },
    "done": true
  },
  "spartanweaponry:recipes/copper_arrow": {
    "criteria": {
      "has_bow": "2024-09-23 02:55:24 +0000"
    },
    "done": true
  },
  "ars_nouveau:recipes/building_blocks/gilded_sourcestone_basketweave_slab": {
    "criteria": {
      "has_journal": "2024-09-23 02:36:58 +0000"
    },
    "done": true
  },
  "ars_nouveau:recipes/building_blocks/sourcestone_alternating_stone_cutterslab": {
    "criteria": {
      "has_journal": "2024-09-23 02:36:58 +0000"
    },
    "done": true
  },
  "minecraft:recipes/decorations/barrel": {
    "criteria": {
      "has_planks": "2024-09-23 02:50:06 +0000"
    },
    "done": true
  },
  "ars_nouveau:recipes/misc/item_detector": {
    "criteria": {
      "has_journal": "2024-09-23 02:36:58 +0000"
    },
    "done": true
  },
  "ars_nouveau:recipes/misc/gilded_sourcestone_small_bricks_to_sourcestone": {
    "criteria": {
      "has_journal": "2024-09-23 02:36:58 +0000"
    },
    "done": true
  },
  "ars_nouveau:recipes/misc/ghostweave": {
    "criteria": {
      "has_journal": "2024-09-23 02:36:58 +0000"
    },
    "done": true
  },
  "ars_nouveau:recipes/misc/manipulation_essence_to_vexing_sapling": {
    "criteria": {
      "has_journal": "2024-09-23 02:36:58 +0000"
    },
    "done": true
  },
  "ars_nouveau:recipes/building_blocks/gilded_sourcestone_mosaic_slab": {
    "criteria": {
      "has_journal": "2024-09-23 02:36:58 +0000"
    },
    "done": true
  },
  "securitycraft:recipes/misc/reinforced_birch_fence": {
    "criteria": {
      "has_stick": "2024-09-23 02:50:05 +0000"
    },
    "done": true
  },
  "ars_nouveau:recipes/misc/sourcestone_large_bricks_to_sourcestone": {
    "criteria": {
      "has_journal": "2024-09-23 02:36:58 +0000"
    },
    "done": true
  },
  "incendium:technical/using/shield": {
    "criteria": {
      "log_spam_fixer": "2024-09-23 02:36:58 +0000"
    },
    "done": false
  },
  "minecraft:recipes/building_blocks/purple_concrete_powder": {
    "criteria": {
      "has_gravel": "2024-09-23 02:39:03 +0000"
    },
    "done": true
  },
  "securitycraft:recipes/misc/sc_manual": {
    "criteria": {
      "has_wood": "2024-09-23 02:48:25 +0000"
    },
    "done": true
  },
  "ars_nouveau:recipes/misc/purple_sbed": {
    "criteria": {
      "has_journal": "2024-09-23 02:36:58 +0000"
    },
    "done": true
  },
  "ars_nouveau:recipes/building_blocks/smooth_gilded_sourcestone_large_bricks_slab": {
    "criteria": {
      "has_journal": "2024-09-23 02:36:58 +0000"
    },
    "done": true
  },
  "ars_nouveau:recipes/misc/smooth_sourcestone_basketweave_stairs": {
    "criteria": {
      "has_journal": "2024-09-23 02:36:58 +0000"
    },
    "done": true
  },
  "ars_nouveau:recipes/misc/sourceberry_sack": {
    "criteria": {
      "has_journal": "2024-09-23 02:36:58 +0000"
    },
    "done": true
  },
  "minecraft:recipes/tools/stone_shovel": {
    "criteria": {
      "has_cobblestone": "2024-09-23 02:51:31 +0000"
    },
    "done": true
  },
  "ars_nouveau:recipes/misc/manipulation_essence_to_blazin_sapling": {
    "criteria": {
      "has_journal": "2024-09-23 02:36:58 +0000"
    },
    "done": true
  },
  "tombstone:adventure/root": {
    "criteria": {
      "auto": "2024-09-23 02:36:58 +0000"
    },
    "done": true
  },
  "ars_nouveau:recipes/building_blocks/gilded_sourcestone_mosaic_stone_cutterslab": {
    "criteria": {
      "has_journal": "2024-09-23 02:36:58 +0000"
    },
    "done": true
  },
  "ars_nouveau:recipes/building_blocks/gilded_sourcestone_small_bricks_stone_cutterslab": {
    "criteria": {
      "has_journal": "2024-09-23 02:36:58 +0000"
    },
    "done": true
  },
  "stellarity:recipes/crying_obsidian_with_popped_chorus": {
    "criteria": {
      "has_item1": "2024-09-23 03:03:11 +0000"
    },
    "done": true
  },
  "ars_nouveau:recipes/building_blocks/sourcestone_small_bricks_stone_cutterslab": {
    "criteria": {
      "has_journal": "2024-09-23 02:36:58 +0000"
    },
    "done": true
  },
  "ars_nouveau:recipes/misc/gilded_sourcestone_mosaic_stairs": {
    "criteria": {
      "has_journal": "2024-09-23 02:36:58 +0000"
    },
    "done": true
  },
  "ars_elemental:recipes/building_blocks/stripped_yellow_archwood": {
    "criteria": {
      "has_journal": "2024-09-23 02:36:58 +0000"
    },
    "done": true
  },
  "ars_nouveau:recipes/misc/gilded_sourcestone_small_bricks_stairs": {
    "criteria": {
      "has_journal": "2024-09-23 02:36:58 +0000"
    },
    "done": true
  },
  "spartanweaponry:recipes/wooden_longbow": {
    "criteria": {
      "has_wood": "2024-09-23 02:50:06 +0000"
    },
    "done": true
  },
  "twilightforest:recipes/transportation/twilight_oak_boat": {
    "criteria": {
      "in_water": "2024-09-23 02:52:58 +0000"
    },
    "done": true
  },
  "twilightforest:recipes/transportation/time_boat": {
    "criteria": {
      "in_water": "2024-09-23 02:52:58 +0000"
    },
    "done": true
  },
  "ars_nouveau:recipes/misc/arcane_pedestal": {
    "criteria": {
      "has_journal": "2024-09-23 02:36:58 +0000"
    },
    "done": true
  },
  "minecraft:recipes/building_blocks/coarse_dirt": {
    "criteria": {
      "has_gravel": "2024-09-23 02:39:03 +0000"
    },
    "done": true
  },
  "minecraft:recipes/building_blocks/light_gray_concrete_powder": {
    "criteria": {
      "has_gravel": "2024-09-23 02:39:03 +0000"
    },
    "done": true
  },
  "iceandfire:recipes/misc/dragon_meal": {
    "criteria": {
      "has_item": "2024-09-23 02:51:14 +0000"
    },
    "done": true
  },
  "spartanweaponry:recipes/stone_greatsword": {
    "criteria": {
      "has_cobblestone": "2024-09-23 02:51:31 +0000"
    },
    "done": true
  },
  "spartanweaponry:recipes/wooden_glaive": {
    "criteria": {
      "has_wood": "2024-09-23 02:50:06 +0000"
    },
    "done": true
  },
  "ars_nouveau:recipes/misc/fire_essence_to_charge": {
    "criteria": {
      "has_journal": "2024-09-23 02:36:58 +0000"
    },
    "done": true
  },
  "minecraft:recipes/decorations/stone_brick_wall": {
    "criteria": {
      "has_stone_bricks": "2024-09-23 03:01:09 +0000"
    },
    "done": true
  },
  "ars_nouveau:recipes/building_blocks/gilded_sourcestone_mosaic_stonecutter_stair": {
    "criteria": {
      "has_journal": "2024-09-23 02:36:58 +0000"
    },
    "done": true
  },
  "ars_nouveau:recipes/misc/ritual_scrying": {
    "criteria": {
      "has_journal": "2024-09-23 02:36:58 +0000"
    },
    "done": true
  },
  "minecraft:recipes/misc/book": {
    "criteria": {
      "has_paper": "2024-09-23 03:02:31 +0000"
    },
    "done": true
  },
  "minecraft:recipes/building_blocks/brown_concrete_powder": {
    "criteria": {
      "has_gravel": "2024-09-23 02:39:03 +0000"
    },
    "done": true
  },
  "minecraft:recipes/building_blocks/cracked_stone_bricks": {
    "criteria": {
      "has_stone_bricks": "2024-09-23 03:01:09 +0000"
    },
    "done": true
  },
  "ars_nouveau:recipes/misc/smooth_gilded_sourcestone_large_bricks_to_sourcestone": {
    "criteria": {
      "has_journal": "2024-09-23 02:36:58 +0000"
    },
    "done": true
  },
  "farmersdelight:recipes/combat/flint_knife": {
    "criteria": {
      "has_stick": "2024-09-23 02:50:05 +0000"
    },
    "done": true
  },
  "minecraft:recipes/building_blocks/stone_brick_stairs_from_stone_bricks_stonecutting": {
    "criteria": {
      "has_stone_bricks": "2024-09-23 03:01:09 +0000"
    },
    "done": true
  },
  "minecraft:recipes/building_blocks/light_blue_concrete_powder": {
    "criteria": {
      "has_gravel": "2024-09-23 02:39:03 +0000"
    },
    "done": true
  },
  "ars_nouveau:recipes/misc/manipulation_essence_to_cascading_sapling": {
    "criteria": {
      "has_journal": "2024-09-23 02:36:58 +0000"
    },
    "done": true
  },
  "ars_nouveau:recipes/building_blocks/sourcestone_mosaic_stonecutter_stair": {
    "criteria": {
      "has_journal": "2024-09-23 02:36:58 +0000"
    },
    "done": true
  },
  "farmersdelight:recipes/cooking/noodle_soup": {
    "criteria": {
      "has_any_ingredient": "2024-09-23 02:51:14 +0000"
    },
    "done": true
  },
  "securitycraft:recipes/redstone/laser_block": {
    "criteria": {
      "has_stone": "2024-09-23 02:51:31 +0000"
    },
    "done": true
  },
  "spartanweaponry:recipes/stone_parrying_dagger": {
    "criteria": {
      "has_cobblestone": "2024-09-23 02:51:31 +0000"
    },
    "done": true
  },
  "minecraft:recipes/combat/arrow": {
    "criteria": {
      "has_flint": "2024-09-23 02:38:56 +0000"
    },
    "done": true
  },
  "irons_spellbooks:irons_spellbooks/ink_root": {
    "criteria": {
      "requirement": "2024-09-23 03:02:51 +0000"
    },
    "done": true
  },
  "ars_nouveau:recipes/misc/clear_allow": {
    "criteria": {
      "has_journal": "2024-09-23 02:36:58 +0000"
    },
    "done": true
  },
  "ars_nouveau:recipes/building_blocks/smooth_gilded_sourcestone_small_bricks_slab": {
    "criteria": {
      "has_journal": "2024-09-23 02:36:58 +0000"
    },
    "done": true
  },
  "ars_elemental:recipes/misc/tablet_ritual_squirrels": {
    "criteria": {
      "has_journal": "2024-09-23 02:36:58 +0000"
    },
    "done": true
  },
  "minecraft:recipes/building_blocks/chiseled_stone_bricks": {
    "criteria": {
      "has_tag": "2024-09-23 03:01:09 +0000"
    },
    "done": true
  },
  "minecraft:recipes/misc/pumpkin_seeds": {
    "criteria": {
      "has_pumpkin": "2024-09-23 03:08:56 +0000"
    },
    "done": true
  },
  "ars_nouveau:recipes/misc/smooth_sourcestone_large_bricks_to_sourcestone": {
    "criteria": {
      "has_journal": "2024-09-23 02:36:58 +0000"
    },
    "done": true
  },
  "spartanweaponry:recipes/wooden_pike": {
    "criteria": {
      "has_wood": "2024-09-23 02:50:06 +0000"
    },
    "done": true
  },
  "securitycraft:recipes/misc/reinforced_jungle_fence": {
    "criteria": {
      "has_stick": "2024-09-23 02:50:05 +0000"
    },
    "done": true
  },
  "twilightforest:recipes/transportation/transformation_boat": {
    "criteria": {
      "in_water": "2024-09-23 02:52:58 +0000"
    },
    "done": true
  },
  "morebows:recipes/gold_bow": {
    "criteria": {
      "has_bow": "2024-09-23 02:55:24 +0000"
    },
    "done": true
  },
  "storagedrawers:recipes/storagedrawers/warped_trim": {
    "criteria": {
      "has_planks": "2024-09-23 02:36:58 +0000"
    },
    "done": true
  },
  "botania:recipes/building_blocks/blaze_block": {
    "criteria": {
      "has_item": "2024-09-23 03:03:20 +0000"
    },
    "done": true
  },
  "ars_nouveau:recipes/misc/water_essence_to_obsidian": {
    "criteria": {
      "has_journal": "2024-09-23 02:36:58 +0000"
    },
    "done": true
  },
  "ars_nouveau:recipes/misc/smooth_sourcestone_mosaic_stairs": {
    "criteria": {
      "has_journal": "2024-09-23 02:36:58 +0000"
    },
    "done": true
  },
  "storagedrawers:recipes/storagedrawers/jungle_trim": {
    "criteria": {
      "has_planks": "2024-09-23 02:36:58 +0000"
    },
    "done": true
  },
  "ars_nouveau:recipes/building_blocks/stripped_purple_archwood_wood": {
    "criteria": {
      "has_journal": "2024-09-23 02:36:58 +0000"
    },
    "done": true
  },
  "minecraft:recipes/food/cooked_porkchop_from_campfire_cooking": {
    "criteria": {
      "has_porkchop": "2024-09-23 02:51:14 +0000"
    },
    "done": true
  },
  "farmersdelight:recipes/cooking/pumpkin_soup": {
    "criteria": {
      "has_any_ingredient": "2024-09-23 02:51:14 +0000"
    },
    "done": true
  },
  "ars_nouveau:recipes/misc/repository": {
    "criteria": {
      "has_journal": "2024-09-23 02:36:58 +0000"
    },
    "done": true
  },
  "spartanweaponry:recipes/wooden_halberd": {
    "criteria": {
      "has_wood": "2024-09-23 02:50:06 +0000"
    },
    "done": true
  },
  "storagedrawers:recipes/storagedrawers/max_redstone_upgrade": {
    "criteria": {
      "has_template": "2024-09-23 02:36:58 +0000"
    },
    "done": true
  },
  "ars_nouveau:recipes/misc/deny_scroll": {
    "criteria": {
      "has_journal": "2024-09-23 02:36:58 +0000"
    },
    "done": true
  },
  "ars_nouveau:recipes/misc/sourcestone_mosaic_stairs": {
    "criteria": {
      "has_journal": "2024-09-23 02:36:58 +0000"
    },
    "done": true
  },
  "ars_nouveau:recipes/misc/blue_archwood_wood": {
    "criteria": {
      "has_journal": "2024-09-23 02:36:58 +0000"
    },
    "done": true
  },
  "ars_nouveau:recipes/building_blocks/sourcestone_large_bricks_stone_cutterslab": {
    "criteria": {
      "has_journal": "2024-09-23 02:36:58 +0000"
    },
    "done": true
  },
  "apotheosis:affix/root": {
    "criteria": {
      "sword": "2024-09-23 02:55:24 +0000"
    },
    "done": true
  },
  "morebows:recipes/diamond_bow": {
    "criteria": {
      "has_bow": "2024-09-23 02:55:24 +0000"
    },
    "done": true
  },
  "iceandfire:recipes/building_blocks/raw_silver_to_raw_silver_block": {
    "criteria": {
      "has_raw_silver": "2024-09-23 03:12:11 +0000"
    },
    "done": true
  },
  "storagedrawers:recipes/storagedrawers/bamboo_trim": {
    "criteria": {
      "has_planks": "2024-09-23 02:36:58 +0000"
    },
    "done": true
  },
  "minecraft:husbandry/root": {
    "criteria": {
      "consumed_item": "2024-09-23 02:47:06 +0000"
    },
    "done": true
  },
  "minecraft:recipes/transportation/birch_boat": {
    "criteria": {
      "in_water": "2024-09-23 02:52:58 +0000"
    },
    "done": true
  },
  "apotheosis:affix/chests": {
    "criteria": {
      "sword": "2024-09-23 03:01:21 +0000"
    },
    "done": true
  },
  "minecraft:recipes/building_blocks/jack_o_lantern": {
    "criteria": {
      "has_carved_pumpkin": "2024-09-23 02:58:46 +0000"
    },
    "done": true
  },
  "minecraft:recipes/transportation/oak_boat": {
    "criteria": {
      "in_water": "2024-09-23 02:52:58 +0000"
    },
    "done": true
  },
  "ars_nouveau:recipes/misc/smooth_gilded_sourcestone_mosaic_stairs": {
    "criteria": {
      "has_journal": "2024-09-23 02:36:58 +0000"
    },
    "done": true
  },
  "minecraft:recipes/decorations/stone_brick_wall_from_stone_bricks_stonecutting": {
    "criteria": {
      "has_stone_bricks": "2024-09-23 03:01:09 +0000"
    },
    "done": true
  },
  "minecraft:recipes/building_blocks/coal_block": {
    "criteria": {
      "has_coal": "2024-09-23 02:53:46 +0000"
    },
    "done": true
  },
  "minecraft:recipes/building_blocks/spruce_slab": {
    "criteria": {
      "has_planks": "2024-09-23 02:50:06 +0000"
    },
    "done": true
  },
  "cataclysm:root": {
    "criteria": {
      "custom_test_name": "2024-09-23 02:36:58 +0000"
    },
    "done": true
  },
  "ars_nouveau:recipes/misc/basic_spell_turret": {
    "criteria": {
      "has_journal": "2024-09-23 02:36:58 +0000"
    },
    "done": true
  },
  "securitycraft:recipes/redstone/reinforced_acacia_fence_gate": {
    "criteria": {
      "has_stick": "2024-09-23 02:50:05 +0000"
    },
    "done": true
  },
  "ars_nouveau:recipes/misc/smooth_gilded_sourcestone_small_bricks_stairs": {
    "criteria": {
      "has_journal": "2024-09-23 02:36:58 +0000"
    },
    "done": true
  },
  "iceandfire:recipes/tools/silver_ingot_from_blasting_raw_silver": {
    "criteria": {
      "has_raw_silver": "2024-09-23 03:12:11 +0000"
    },
    "done": true
  },
  "ars_elemental:recipes/misc/tablet_ritual_detection": {
    "criteria": {
      "has_journal": "2024-09-23 02:36:58 +0000"
    },
    "done": true
  },
  "ars_nouveau:recipes/misc/ritual_harvest": {
    "criteria": {
      "has_journal": "2024-09-23 02:36:58 +0000"
    },
    "done": true
  },
  "storagedrawers:recipes/storagedrawers/mangrove_trim": {
    "criteria": {
      "has_planks": "2024-09-23 02:36:58 +0000"
    },
    "done": true
  },
  "ars_nouveau:recipes/building_blocks/smooth_sourcestone_small_bricks_slab": {
    "criteria": {
      "has_journal": "2024-09-23 02:36:58 +0000"
    },
    "done": true
  },
  "minecraft:recipes/food/pumpkin_seeds": {
    "criteria": {
      "has_pumpkin": "2024-09-23 03:08:56 +0000",
      "has_the_recipe": "2024-09-23 03:08:56 +0000"
    },
    "done": true
  },
  "ars_nouveau:recipes/building_blocks/sourcestone_alternating_stonecutter_stair": {
    "criteria": {
      "has_journal": "2024-09-23 02:36:58 +0000"
    },
    "done": true
  },
  "minecraft:recipes/decorations/torch": {
    "criteria": {
      "has_stone_pickaxe": "2024-09-23 02:52:12 +0000"
    },
    "done": true
  },
  "ars_nouveau:recipes/misc/scryers_crystal": {
    "criteria": {
      "has_journal": "2024-09-23 02:36:58 +0000"
    },
    "done": true
  },
  "securitycraft:recipes/misc/reinforced_cherry_fence": {
    "criteria": {
      "has_stick": "2024-09-23 02:50:05 +0000"
    },
    "done": true
  },
  "incendium:technical/scroll_of_returning": {
    "criteria": {
      "log_spam_fixer": "2024-09-23 02:36:58 +0000"
    },
    "done": false
  },
  "minecraft:recipes/building_blocks/spruce_planks": {
    "criteria": {
      "has_logs": "2024-09-23 02:48:25 +0000"
    },
    "done": true
  },
  "ars_nouveau:recipes/building_blocks/stripped_red_archwood_wood": {
    "criteria": {
      "has_journal": "2024-09-23 02:36:58 +0000"
    },
    "done": true
  },
  "apotheosis:affix/random": {
    "criteria": {
      "sword": "2024-09-23 02:55:24 +0000"
    },
    "done": true
  },
  "storagedrawers:recipes/storagedrawers/redstone_upgrade": {
    "criteria": {
      "has_template": "2024-09-23 02:36:58 +0000"
    },
    "done": true
  },
  "storagedrawers:recipes/storagedrawers/spruce_trim": {
    "criteria": {
      "has_planks": "2024-09-23 02:36:58 +0000"
    },
    "done": true
  },
  "ars_nouveau:recipes/misc/sourcestone_basketweave_stairs": {
    "criteria": {
      "has_journal": "2024-09-23 02:36:58 +0000"
    },
    "done": true
  },
  "ars_nouveau:recipes/misc/dowsing_rod": {
    "criteria": {
      "has_journal": "2024-09-23 02:36:58 +0000"
    },
    "done": true
  },
  "spartanweaponry:recipes/stone_quarterstaff": {
    "criteria": {
      "has_cobblestone": "2024-09-23 02:51:31 +0000"
    },
    "done": true
  },
  "securitycraft:recipes/redstone/reinforced_warped_fence_gate": {
    "criteria": {
      "has_stick": "2024-09-23 02:50:05 +0000"
    },
    "done": true
  },
  "ars_nouveau:recipes/misc/smooth_sourcestone_small_bricks_to_sourcestone": {
    "criteria": {
      "has_journal": "2024-09-23 02:36:58 +0000"
    },
    "done": true
  },
  "ars_nouveau:recipes/building_blocks/stripped_blue_archwood_wood": {
    "criteria": {
      "has_journal": "2024-09-23 02:36:58 +0000"
    },
    "done": true
  },
  "ars_nouveau:recipes/misc/sky_block": {
    "criteria": {
      "has_journal": "2024-09-23 02:36:58 +0000"
    },
    "done": true
  },
  "ars_nouveau:recipes/misc/blank_thread": {
    "criteria": {
      "has_journal": "2024-09-23 02:36:58 +0000"
    },
    "done": true
  },
  "ars_nouveau:recipes/misc/archwood_sconce": {
    "criteria": {
      "has_journal": "2024-09-23 02:36:58 +0000"
    },
    "done": true
  },
  "ars_nouveau:recipes/building_blocks/smooth_sourcestone_small_bricks_stonecutter_stair": {
    "criteria": {
      "has_journal": "2024-09-23 02:36:58 +0000"
    },
    "done": true
  },
  "twilightforest:recipes/transportation/dark_boat": {
    "criteria": {
      "in_water": "2024-09-23 02:52:58 +0000"
    },
    "done": true
  },
  "ars_nouveau:recipes/building_blocks/smooth_gilded_sourcestone_large_bricks_stone_cutterslab": {
    "criteria": {
      "has_journal": "2024-09-23 02:36:58 +0000"
    },
    "done": true
  },
  "ars_elemental:recipes/misc/tablet_ritual_attraction": {
    "criteria": {
      "has_journal": "2024-09-23 02:36:58 +0000"
    },
    "done": true
  },
  "ars_nouveau:recipes/building_blocks/smooth_gilded_sourcestone_alternating_stonecutter_stair": {
    "criteria": {
      "has_journal": "2024-09-23 02:36:58 +0000"
    },
    "done": true
  },
  "ars_nouveau:recipes/building_blocks/smooth_sourcestone_mosaic_stone_cutterslab": {
    "criteria": {
      "has_journal": "2024-09-23 02:36:58 +0000"
    },
    "done": true
  },
  "farmersdelight:main/root": {
    "criteria": {
      "seeds": "2024-09-23 02:36:58 +0000"
    },
    "done": true
  },
  "ars_nouveau:recipes/misc/sourcestone_small_bricks_stairs": {
    "criteria": {
      "has_journal": "2024-09-23 02:36:58 +0000"
    },
    "done": true
  },
  "ars_nouveau:recipes/misc/sourcestone_small_bricks_to_sourcestone": {
    "criteria": {
      "has_journal": "2024-09-23 02:36:58 +0000"
    },
    "done": true
  },
  "ars_nouveau:recipes/misc/smooth_sourcestone_small_bricks_stairs": {
    "criteria": {
      "has_journal": "2024-09-23 02:36:58 +0000"
    },
    "done": true
  },
  "storagedrawers:recipes/storagedrawers/quantify_key": {
    "criteria": {
      "has_template": "2024-09-23 02:36:58 +0000"
    },
    "done": true
  },
  "spartanweaponry:recipes/stone_flanged_mace": {
    "criteria": {
      "has_cobblestone": "2024-09-23 02:51:31 +0000"
    },
    "done": true
  },
  "storagedrawers:recipes/storagedrawers/dark_oak_trim": {
    "criteria": {
      "has_planks": "2024-09-23 02:36:58 +0000"
    },
    "done": true
  },
  "corail_recycler:tutorial/root": {
    "criteria": {
      "auto": "2024-09-23 02:36:58 +0000"
    },
    "done": true
  },
  "ars_nouveau:recipes/misc/allow_scroll": {
    "criteria": {
      "has_journal": "2024-09-23 02:36:58 +0000"
    },
    "done": true
  },
  "sophisticatedbackpacks:recipes/misc/copper_backpack": {
    "criteria": {
      "has_backpack": "2024-09-23 02:57:49 +0000"
    },
    "done": true
  },
  "spartanweaponry:recipes/diamond_arrow": {
    "criteria": {
      "has_bow": "2024-09-23 02:55:24 +0000"
    },
    "done": true
  },
  "minecraft:recipes/redstone/spruce_door": {
    "criteria": {
      "has_planks": "2024-09-23 02:50:06 +0000"
    },
    "done": true
  },
  "minecraft:recipes/redstone/spruce_fence_gate": {
    "criteria": {
      "has_planks": "2024-09-23 02:50:06 +0000"
    },
    "done": true
  },
  "ars_nouveau:recipes/misc/wilden_summon_alt": {
    "criteria": {
      "has_journal": "2024-09-23 02:36:58 +0000"
    },
    "done": true
  },
  "securitycraft:recipes/misc/reinforced_mangrove_fence": {
    "criteria": {
      "has_stick": "2024-09-23 02:50:05 +0000"
    },
    "done": true
  },
  "spartanweaponry:recipes/stone_javelin": {
    "criteria": {
      "has_cobblestone": "2024-09-23 02:51:31 +0000"
    },
    "done": true
  },
  "securitycraft:recipes/building_blocks/reinforced_andesite": {
    "criteria": {
      "has_cobblestone": "2024-09-23 02:51:31 +0000"
    },
    "done": true
  },
  "spartanweaponry:recipes/wooden_heavy_crossbow": {
    "criteria": {
      "has_wood": "2024-09-23 02:50:06 +0000"
    },
    "done": true
  },
  "occultism:recipes/crushing/crushing/silver_dust_from_raw": {
    "criteria": {
      "has_raw_silver": "2024-09-23 03:12:11 +0000"
    },
    "done": true
  },
  "incendium:technical/using/trailblazer": {
    "criteria": {
      "log_spam_fixer": "2024-09-23 02:36:58 +0000"
    },
    "done": false
  },
  "ars_nouveau:recipes/misc/sourcestone_alternating_to_sourcestone": {
    "criteria": {
      "has_journal": "2024-09-23 02:36:58 +0000"
    },
    "done": true
  },
  "securitycraft:recipes/building_blocks/reinforced_diorite": {
    "criteria": {
      "has_cobblestone": "2024-09-23 02:51:31 +0000"
    },
    "done": true
  },
  "minecraft:recipes/brewing/blaze_powder": {
    "criteria": {
      "has_blaze_rod": "2024-09-23 03:03:20 +0000"
    },
    "done": true
  },
  "spartanweaponry:recipes/stone_pike": {
    "criteria": {
      "has_cobblestone": "2024-09-23 02:51:31 +0000"
    },
    "done": true
  },
  "minecraft:recipes/building_blocks/gray_concrete_powder": {
    "criteria": {
      "has_gravel": "2024-09-23 02:39:03 +0000"
    },
    "done": true
  },
  "ars_nouveau:recipes/building_blocks/sourcestone_alternating_slab": {
    "criteria": {
      "has_journal": "2024-09-23 02:36:58 +0000"
    },
    "done": true
  },
  "minecraft:recipes/decorations/cartography_table": {
    "criteria": {
      "has_paper": "2024-09-23 03:02:31 +0000"
    },
    "done": true
  },
  "spartanweaponry:recipes/stone_warhammer": {
    "criteria": {
      "has_cobblestone": "2024-09-23 02:51:31 +0000"
    },
    "done": true
  },
  "minecraft:recipes/misc/iron_nugget_from_blasting": {
    "criteria": {
      "has_chainmail_helmet": "2024-09-23 02:57:49 +0000"
    },
    "done": true
  },
  "minecraft:adventure/adventuring_time": {
    "criteria": {
      "minecraft:sunflower_plains": "2024-09-23 02:40:59 +0000",
      "minecraft:river": "2024-09-23 02:50:52 +0000",
      "minecraft:forest": "2024-09-23 02:38:30 +0000",
      "minecraft:old_growth_birch_forest": "2024-09-23 02:43:15 +0000",
      "minecraft:plains": "2024-09-23 02:40:57 +0000"
    },
    "done": false
  },
  "ars_nouveau:recipes/misc/scry_to_blank_parchment": {
    "criteria": {
      "has_journal": "2024-09-23 02:36:58 +0000"
    },
    "done": true
  },
  "occultism:recipes/crushing/crushing/obsidian_dust": {
    "criteria": {
      "has_obsidian": "2024-09-23 03:03:11 +0000"
    },
    "done": true
  },
  "spartanweaponry:recipes/combat/simple_handle": {
    "criteria": {
      "has_stick": "2024-09-23 02:50:05 +0000"
    },
    "done": true
  },
  "minecraft:recipes/building_blocks/cobblestone_stairs_from_cobblestone_stonecutting": {
    "criteria": {
      "has_cobblestone": "2024-09-23 02:51:31 +0000"
    },
    "done": true
  },
  "spartanweaponry:recipes/stone_dagger": {
    "criteria": {
      "has_cobblestone": "2024-09-23 02:51:31 +0000"
    },
    "done": true
  },
  "sophisticatedstorage:recipes/misc/spruce_barrel": {
    "criteria": {
      "has_spruce_plank": "2024-09-23 02:50:06 +0000"
    },
    "done": true
  },
  "apotheosis:give_book": {
    "criteria": {
      "tick": "2024-09-23 02:36:58 +0000"
    },
    "done": true
  },
  "ars_nouveau:recipes/building_blocks/smooth_gilded_sourcestone_mosaic_stonecutter_stair": {
    "criteria": {
      "has_journal": "2024-09-23 02:36:58 +0000"
    },
    "done": true
  },
  "farmersdelight:recipes/decorations/cutting_board": {
    "criteria": {
      "has_stick": "2024-09-23 02:50:05 +0000"
    },
    "done": true
  },
  "ars_nouveau:recipes/misc/ritual_wilden_summon": {
    "criteria": {
      "has_journal": "2024-09-23 02:36:58 +0000"
    },
    "done": true
  },
  "spartanweaponry:recipes/stone_halberd": {
    "criteria": {
      "has_cobblestone": "2024-09-23 02:51:31 +0000"
    },
    "done": true
  },
  "occultism:occultism/root": {
    "criteria": {
      "occultism_present": "2024-09-23 02:36:58 +0000"
    },
    "done": true
  },
  "minecraft:recipes/decorations/enchanting_table": {
    "criteria": {
      "has_obsidian": "2024-09-23 03:03:11 +0000"
    },
    "done": true
  },
  "minecraft:recipes/tools/stone_hoe": {
    "criteria": {
      "has_cobblestone": "2024-09-23 02:51:31 +0000"
    },
    "done": true
  },
  "ars_nouveau:recipes/misc/mirrorweave": {
    "criteria": {
      "has_journal": "2024-09-23 02:36:58 +0000"
    },
    "done": true
  },
  "minecraft:recipes/building_blocks/spruce_stairs": {
    "criteria": {
      "has_planks": "2024-09-23 02:50:06 +0000"
    },
    "done": true
  },
  "ars_nouveau:recipes/misc/magebloom_to_pink": {
    "criteria": {
      "has_journal": "2024-09-23 02:36:58 +0000"
    },
    "done": true
  },
  "ars_nouveau:recipes/building_blocks/smooth_sourcestone_alternating_stone_cutterslab": {
    "criteria": {
      "has_journal": "2024-09-23 02:36:58 +0000"
    },
    "done": true
  },
  "securitycraft:recipes/misc/reinforced_spruce_fence": {
    "criteria": {
      "has_stick": "2024-09-23 02:50:05 +0000"
    },
    "done": true
  },
  "ars_elemental:recipes/misc/flight_alt": {
    "criteria": {
      "has_journal": "2024-09-23 02:36:58 +0000"
    },
    "done": true
  },
  "minecraft:recipes/misc/copper_ingot_from_smelting_raw_copper": {
    "criteria": {
      "has_raw_copper": "2024-09-23 03:16:19 +0000"
    },
    "done": true
  },
  "ars_nouveau:recipes/misc/agronomic_sourcelink": {
    "criteria": {
      "has_journal": "2024-09-23 02:36:58 +0000"
    },
    "done": true
  },
  "ars_nouveau:recipes/building_blocks/sourcestone_mosaic_stone_cutterslab": {
    "criteria": {
      "has_journal": "2024-09-23 02:36:58 +0000"
    },
    "done": true
  },
  "ars_nouveau:recipes/misc/smooth_gilded_sourcestone_mosaic_to_sourcestone": {
    "criteria": {
      "has_journal": "2024-09-23 02:36:58 +0000"
    },
    "done": true
  },
  "DataVersion": 3465
}